1,muvconf,OTHER,https://github.com/vf1/muvconf/commit/023c4a4bf5a7046fd8cfa18c26efc6d525b71645,0f8c8c1c620781314bf0b8874245ae1211b95f8c,023c4a4bf5a7046fd8cfa18c26efc6d525b71645,'ClassNA','MethodNA',0,Rename .msi
2,muvconf,OTHER,https://github.com/vf1/muvconf/commit/0f8c8c1c620781314bf0b8874245ae1211b95f8c,c5957d9bd8d975bee217a16683c3295bcce61168,0f8c8c1c620781314bf0b8874245ae1211b95f8c,'ClassNA','MethodNA',0,readme
3,nodewebkitqq,OTHER,https://github.com/caofb/nodewebkitqq/commit/bba61264f58081b9d77b9b52d834df1aa3e4057c,b5788df4131e3198725f3b6d286380910bfabb83,bba61264f58081b9d77b9b52d834df1aa3e4057c,'ClassNA','MethodNA',0,change windows download url
4,nodewebkitqq,OTHER,https://github.com/caofb/nodewebkitqq/commit/b5788df4131e3198725f3b6d286380910bfabb83,32e77a952b87db5a75fbd6ce2b90398aacd0b9ec,b5788df4131e3198725f3b6d286380910bfabb83,'ClassNA','MethodNA',0,introduction
5,nodewebkitqq,OTHER,https://github.com/caofb/nodewebkitqq/commit/32e77a952b87db5a75fbd6ce2b90398aacd0b9ec,5db1bbb7820fead6344b7ec4deea721538fe5b96,32e77a952b87db5a75fbd6ce2b90398aacd0b9ec,'ClassNA','MethodNA',0,change name
6,nodewebkitqq,OTHER,https://github.com/caofb/nodewebkitqq/commit/5db1bbb7820fead6344b7ec4deea721538fe5b96,31ca23ce4c8206d4773b3e44d236572ab5e9ce47,5db1bbb7820fead6344b7ec4deea721538fe5b96,'ClassNA','MethodNA',0,Update README.md
7,nodewebkitqq,OTHER,https://github.com/caofb/nodewebkitqq/commit/31ca23ce4c8206d4773b3e44d236572ab5e9ce47,09f452c77ce9929936728f86a61c7f22fa3133d5,31ca23ce4c8206d4773b3e44d236572ab5e9ce47,'ClassNA','MethodNA',0,Update README.md  windows version
8,nodewebkitqq,MERGE,https://github.com/caofb/nodewebkitqq/commit/09f452c77ce9929936728f86a61c7f22fa3133d5,e2ae3c8e3d797aa7b1d4196b1303e81f6cdf93e1,09f452c77ce9929936728f86a61c7f22fa3133d5,'ClassNA','MethodNA',0,Merge branch 'master' of https://github.com/caofb/nodewebkitqq
9,Astar,OTHER,https://github.com/YutaMiyake/Astar/commit/38434a89d90adbf7b67224a7fa7e1bd621988dca,ea07bcbaffe28a48ae8c752b164a34bc28a98fb9,38434a89d90adbf7b67224a7fa7e1bd621988dca,'ClassNA','MethodNA',0,version change
10,remonit,OTHER,https://github.com/zefei/remonit/commit/ad70c537e3dc92656b0d46e2bf0f621d490c3e0b,c388dbb0092d0d7422e8d985c320156b3f3bbd0f,ad70c537e3dc92656b0d46e2bf0f621d490c3e0b,'ClassNA','MethodNA',0,changed web/ to src/
11,remonit,OTHER,https://github.com/zefei/remonit/commit/e214974a54c48e4d89fde8819e9a3c7cb21f4b05,08163fbdb821099c3669290911a689a4707781cc,e214974a54c48e4d89fde8819e9a3c7cb21f4b05,'ClassNA','MethodNA',0,removed static site files
12,artomico-debian,OTHER,https://github.com/PCI-TDF/artomico-debian/commit/27f5f7d20a813bd68c1f985f27370e73a1238e3b,5d7fdfbe0899eb6a0e528f5dc963ff1c539d958b,27f5f7d20a813bd68c1f985f27370e73a1238e3b,'ClassNA','MethodNA',0,Hotfix overflow #datos.
13,artomico-debian,OTHER,https://github.com/PCI-TDF/artomico-debian/commit/f8d281464a583c630b225338fdc379e27fa417b3,7dfe473af941505df7e2b069523ce308d389517a,f8d281464a583c630b225338fdc379e27fa417b3,'ClassNA','MethodNA',0,Se corrigen las rutas de assets para evitar el protocolo file
14,TopAnimeStream,OTHER,https://github.com/senpaiski/TopAnimeStream/commit/053645055170ca0b33c6b87e31a090fd8227d665,d41806eeb1a844cb9b09f107fbb7e15de7a28ecb,053645055170ca0b33c6b87e31a090fd8227d665,'ClassNA','MethodNA',5,Quick hotfix!
15,artomico-debian,OTHER,https://github.com/PCI-TDF/artomico-debian/commit/7dfe473af941505df7e2b069523ce308d389517a,1c3957762a938a251e26d2ed64023a74c120f8af,7dfe473af941505df7e2b069523ce308d389517a,'ClassNA','MethodNA',0,Se importa corrección de errores de contraste. La paleta completa del sitio ahora conforma con WCAG AA y WCAG AAA
16,artomico-debian,OTHER,https://github.com/PCI-TDF/artomico-debian/commit/1c3957762a938a251e26d2ed64023a74c120f8af,2f0d86f45a7af08e1d69bb4c117bad42f11e3607,1c3957762a938a251e26d2ed64023a74c120f8af,'ClassNA','MethodNA',0,Nueva versión CSS
17,artomico-debian,OTHER,https://github.com/PCI-TDF/artomico-debian/commit/2f0d86f45a7af08e1d69bb4c117bad42f11e3607,d0d6484190f59ada96ae95473a8134cdd4a341e1,2f0d86f45a7af08e1d69bb4c117bad42f11e3607,'ClassNA','MethodNA',0,Se importan mejoras de accesibilidad
18,artomico-debian,OTHER,https://github.com/PCI-TDF/artomico-debian/commit/782601daca3c2f1869e10f3c19c3be0f43b9e601,42530c5b0ec38aaf962984e845b06cb4f655741a,782601daca3c2f1869e10f3c19c3be0f43b9e601,'ClassNA','MethodNA',0,Actualizando un typo de sintáxis  Creo que el el archivo package.json tenía una entrada de mas, porque me fallaba al iniciar node-webkit.
19,artomico-debian,OTHER,https://github.com/PCI-TDF/artomico-debian/commit/42530c5b0ec38aaf962984e845b06cb4f655741a,33ad7aaf4f8568fe834ca38fd0bb69bfe3b40999,42530c5b0ec38aaf962984e845b06cb4f655741a,'ClassNA','MethodNA',0,Se crea archivo README  Se agrega información necesaria para la construcción del paquete.
20,remonit,OTHER,https://github.com/zefei/remonit/commit/08163fbdb821099c3669290911a689a4707781cc,6d81b286ca030c9cf42d3871cfb537d68187d0e2,08163fbdb821099c3669290911a689a4707781cc,'ClassNA','MethodNA',17,added some minimal docs
21,Weather-Map,OTHER,https://github.com/rafaelkyrdan/Weather-Map/commit/0efc2d6e27fd193ec7283860c6446ba14ddf3671,26895e9606d6a00cf7a5347c5f3898cec8285a3d,0efc2d6e27fd193ec7283860c6446ba14ddf3671,'ClassNA','MethodNA',0,Update README.md
22,Weather-Map,OTHER,https://github.com/rafaelkyrdan/Weather-Map/commit/26895e9606d6a00cf7a5347c5f3898cec8285a3d,c0a87644ffc3cc65f53c5b279c5eda3a927fd64f,26895e9606d6a00cf7a5347c5f3898cec8285a3d,'ClassNA','MethodNA',0,Update README.md
23,Weather-Map,OTHER,https://github.com/rafaelkyrdan/Weather-Map/commit/c0a87644ffc3cc65f53c5b279c5eda3a927fd64f,90779c815314c04c0805d69e6f18c05b2d15c10b,c0a87644ffc3cc65f53c5b279c5eda3a927fd64f,'ClassNA','MethodNA',0,releaze version for linux
24,Weather-Map,OTHER,https://github.com/rafaelkyrdan/Weather-Map/commit/90779c815314c04c0805d69e6f18c05b2d15c10b,07143d8d06171a6a26c46079e7d70eae990aabd0,90779c815314c04c0805d69e6f18c05b2d15c10b,'ClassNA','MethodNA',0,refactoring  refactoring
25,remonit,OTHER,https://github.com/zefei/remonit/commit/6d81b286ca030c9cf42d3871cfb537d68187d0e2,b120c69f4ffa9a95db99b71ee8888f1d2b2503e4,6d81b286ca030c9cf42d3871cfb537d68187d0e2,'ClassNA','MethodNA',0,added more dev/build info
26,remonit,OTHER,https://github.com/zefei/remonit/commit/b120c69f4ffa9a95db99b71ee8888f1d2b2503e4,bce08f7eb47024e237feb9ec30553514ba772b44,b120c69f4ffa9a95db99b71ee8888f1d2b2503e4,'ClassNA','MethodNA',0,added node-webkit npm installs
27,remonit,OTHER,https://github.com/zefei/remonit/commit/bce08f7eb47024e237feb9ec30553514ba772b44,55f404df5b7ed9efe5fdf1329e071fb5a89550b8,bce08f7eb47024e237feb9ec30553514ba772b44,'ClassNA','MethodNA',0,added source repo
28,remonit,OTHER,https://github.com/zefei/remonit/commit/55f404df5b7ed9efe5fdf1329e071fb5a89550b8,15ecaff945af51dfe3df3bccc14576edab3d5519,55f404df5b7ed9efe5fdf1329e071fb5a89550b8,'ClassNA','MethodNA',0,minor changes
29,Astar,OTHER,https://github.com/YutaMiyake/Astar/commit/ea07bcbaffe28a48ae8c752b164a34bc28a98fb9,7cfafd8c699d6fef20670fe51d91bdac0cd00ecd,ea07bcbaffe28a48ae8c752b164a34bc28a98fb9,'ClassNA','MethodNA',1,Fix all-done step algorithm
30,TopAnimeStream,OTHER,https://github.com/senpaiski/TopAnimeStream/commit/d41806eeb1a844cb9b09f107fbb7e15de7a28ecb,b152ced7e46acfae9baff44190a07e841e27f0b7,d41806eeb1a844cb9b09f107fbb7e15de7a28ecb,'ClassNA','MethodNA',24,Fix profile pic. Fix detail page infinite scroll.,RESERVED:ASSIGNMENT_RHS:INSERTED:global:true:1,RESERVED:ASSIGNMENT_RHS:INSERTED:global:false:1,RESERVED:STATEMENT:UPDATED:global:var:1
31,Astar,OTHER,https://github.com/YutaMiyake/Astar/commit/7cfafd8c699d6fef20670fe51d91bdac0cd00ecd,1f3a4a3cc4cd7d9597c8cd8f176dfc973ff2d6ec,7cfafd8c699d6fef20670fe51d91bdac0cd00ecd,'ClassNA','MethodNA',0,Add menubar
32,Astar,OTHER,https://github.com/YutaMiyake/Astar/commit/1f3a4a3cc4cd7d9597c8cd8f176dfc973ff2d6ec,437b7517aa37ececc7d6c17f7e1e2e0ef2c0f907,1f3a4a3cc4cd7d9597c8cd8f176dfc973ff2d6ec,'ClassNA','MethodNA',0,fix version
33,Astar,OTHER,https://github.com/YutaMiyake/Astar/commit/437b7517aa37ececc7d6c17f7e1e2e0ef2c0f907,75e288615e545dd9306c72e81f8eabda3f56ad7b,437b7517aa37ececc7d6c17f7e1e2e0ef2c0f907,'ClassNA','MethodNA',0,initial commit
34,Astar,OTHER,https://github.com/YutaMiyake/Astar/commit/75e288615e545dd9306c72e81f8eabda3f56ad7b,b3d5345540618b475d9885682dce75bc50b0660e,75e288615e545dd9306c72e81f8eabda3f56ad7b,'ClassNA','MethodNA',0,Fix.
35,Astar,OTHER,https://github.com/YutaMiyake/Astar/commit/b3d5345540618b475d9885682dce75bc50b0660e,5bb29a4b555fb53592314479a7f5f26148627309,b3d5345540618b475d9885682dce75bc50b0660e,'ClassNA','MethodNA',0,fixed
36,Astar,OTHER,https://github.com/YutaMiyake/Astar/commit/5bb29a4b555fb53592314479a7f5f26148627309,440b122122aeaedebde1b695d3d62f682a989fd9,5bb29a4b555fb53592314479a7f5f26148627309,'ClassNA','MethodNA',0,fixed
37,TopAnimeStream,OTHER,https://github.com/senpaiski/TopAnimeStream/commit/b152ced7e46acfae9baff44190a07e841e27f0b7,70f736b59be97af1189275e2045765d5e0d18b04,b152ced7e46acfae9baff44190a07e841e27f0b7,'ClassNA','MethodNA',26,New icon. Fix gruntfile. New test player page.,RESERVED:ASSIGNMENT_RHS:REMOVED:global:true:4,RESERVED:ASSIGNMENT_RHS:INSERTED:global:true:1,RESERVED:CONDITION:REMOVED:global:typeof:1,RESERVED:CONDITION:INSERTED:global:typeof:1
38,Hyro,OTHER,https://github.com/jawerty/Hyro/commit/ac64e294e7cdc377a48281cad8fccccbddef379e,051cb884dc7a3fc8fbdd8570a9c5e42354ff1c48,ac64e294e7cdc377a48281cad8fccccbddef379e,'ClassNA','MethodNA',1,Update hyro.js
39,TopAnimeStream,OTHER,https://github.com/senpaiski/TopAnimeStream/commit/70f736b59be97af1189275e2045765d5e0d18b04,cbc515083a193a28f3a9e2aeb47a30bf87c76383,70f736b59be97af1189275e2045765d5e0d18b04,'ClassNA','MethodNA',0,Fix screenshots
40,Hyro,MERGE,https://github.com/jawerty/Hyro/commit/051cb884dc7a3fc8fbdd8570a9c5e42354ff1c48,9b2ac777b4b0fedf9e8d77a1a674224e1e661525,051cb884dc7a3fc8fbdd8570a9c5e42354ff1c48,'ClassNA','MethodNA',0,Merge pull request #16 from AlexKvazos/grunt-implementation  Implemented grunt and a build task
41,Hyro,MERGE,https://github.com/jawerty/Hyro/commit/9b2ac777b4b0fedf9e8d77a1a674224e1e661525,c199fe001e1413fa110466928be07475030c0756,9b2ac777b4b0fedf9e8d77a1a674224e1e661525,'ClassNA','MethodNA',0,Merge pull request #17 from AlexKvazos/patch-1  Update README.md
42,Hyro,OTHER,https://github.com/jawerty/Hyro/commit/1002403c8d54a0152d96b813d2adb18aee503b12,c199fe001e1413fa110466928be07475030c0756,1002403c8d54a0152d96b813d2adb18aee503b12,'ClassNA','MethodNA',0,Update README.md  - A TODO has been done - How to build Hyro
43,Hyro,OTHER,https://github.com/jawerty/Hyro/commit/a75f682265b5a08419ceab3912f04de0159759c5,c199fe001e1413fa110466928be07475030c0756,a75f682265b5a08419ceab3912f04de0159759c5,'ClassNA','MethodNA',0,Grunt support
44,MinecraftSnaps,OTHER,https://github.com/Antrikshy/MinecraftSnaps/commit/126233a09fac11e05d495c650cfdee169ba1396f,a9d1a9a324c1f3d63ea6bea2fe39bb67d6f568fc,126233a09fac11e05d495c650cfdee169ba1396f,'ClassNA','MethodNA',0,Put finishing touches on Mac release
45,MinecraftSnaps,OTHER,https://github.com/Antrikshy/MinecraftSnaps/commit/a9d1a9a324c1f3d63ea6bea2fe39bb67d6f568fc,8e460bdf42d9cc24d76eb7eda3c8113ceb2a6e02,a9d1a9a324c1f3d63ea6bea2fe39bb67d6f568fc,'ClassNA','MethodNA',0,Added README
46,node-webkit-ace-editor,OTHER,https://github.com/brads-tools/node-webkit-ace-editor/commit/c1e1d79c0dcff4a0040c9c7d61805dc562a05c2b,2dc4c1834b323d93166203185b0e4bc599d78485,c1e1d79c0dcff4a0040c9c7d61805dc562a05c2b,'ClassNA','MethodNA',1,Update main.js,RESERVED:STATEMENT:UPDATED:global:var:1
47,node-webkit-ace-editor,OTHER,https://github.com/brads-tools/node-webkit-ace-editor/commit/2dc4c1834b323d93166203185b0e4bc599d78485,9ec8de2710b4d577bb755e39aa7c8a688c4807ff,2dc4c1834b323d93166203185b0e4bc599d78485,'ClassNA','MethodNA',0,Update README.md
48,node-webkit-ace-editor,OTHER,https://github.com/brads-tools/node-webkit-ace-editor/commit/9ec8de2710b4d577bb755e39aa7c8a688c4807ff,9469e8b8f1a675b5653d8160851eb464df36bd65,9ec8de2710b4d577bb755e39aa7c8a688c4807ff,'ClassNA','MethodNA',0,Update README.md
49,MinecraftSnaps,OTHER,https://github.com/Antrikshy/MinecraftSnaps/commit/038d916bf624a5b1efd16fd05542b0874bf51579,9606cb44a6fb3971b48282700586baa623fdc554,038d916bf624a5b1efd16fd05542b0874bf51579,'ClassNA','MethodNA',9,Added check for worlds folder existence  First GitHub release, I guess.,RESERVED:CONDITION:INSERTED:global:falsey:1,RESERVED:STATEMENT:INSERTED:global:return:1
50,TopAnimeStream,OTHER,https://github.com/senpaiski/TopAnimeStream/commit/cbc515083a193a28f3a9e2aeb47a30bf87c76383,57a278cc238f125b71f43532ca1458948dc4cf4c,cbc515083a193a28f3a9e2aeb47a30bf87c76383,'ClassNA','MethodNA',8,New gruntfile. Package app on Win, OSX or Linux.,RESERVED:CONDITION:REMOVED:global:typeof:1,RESERVED:CONDITION:INSERTED:global:typeof:1
51,Weather-Map,OTHER,https://github.com/rafaelkyrdan/Weather-Map/commit/07143d8d06171a6a26c46079e7d70eae990aabd0,9a8dbd830e5b65d776b969425a78ac425daa2fb5,07143d8d06171a6a26c46079e7d70eae990aabd0,'ClassNA','MethodNA',42,finished  finished,RESERVED:STATEMENT:INSERTED:global:var:1,RESERVED:STATEMENT:UPDATED:global:return:1
52,node-webkit-ace-editor,OTHER,https://github.com/brads-tools/node-webkit-ace-editor/commit/9469e8b8f1a675b5653d8160851eb464df36bd65,8d78f5aeea27a946d685e91094dd9b6352810fe9,9469e8b8f1a675b5653d8160851eb464df36bd65,'ClassNA','MethodNA',54,Update main.js,RESERVED:ASSIGNMENT_RHS:INSERTED:global:false:1,RESERVED:STATEMENT:INSERTED:global:var:2
53,Weather-Map,OTHER,https://github.com/rafaelkyrdan/Weather-Map/commit/9a8dbd830e5b65d776b969425a78ac425daa2fb5,bd55bc3e24aee798748cb96f5a5aac5ad8f07c54,9a8dbd830e5b65d776b969425a78ac425daa2fb5,'ClassNA','MethodNA',10,create base map  create base map create methods for add layers
54,MinecraftSnaps,OTHER,https://github.com/Antrikshy/MinecraftSnaps/commit/9606cb44a6fb3971b48282700586baa623fdc554,3db170670f6229041731daa7b54af26f3caa578b,9606cb44a6fb3971b48282700586baa623fdc554,'ClassNA','MethodNA',5,Almost first release (TODO: no Minecraft detected),RESERVED:CONDITION:UPDATED:global:falsey:2
55,node-webkit-ace-editor,OTHER,https://github.com/brads-tools/node-webkit-ace-editor/commit/8d78f5aeea27a946d685e91094dd9b6352810fe9,2558be5c6c021ec8d2d032cbaf9b5479f087957f,8d78f5aeea27a946d685e91094dd9b6352810fe9,'ClassNA','MethodNA',0,Create jsbeautify.js
56,node-webkit-ace-editor,OTHER,https://github.com/brads-tools/node-webkit-ace-editor/commit/2558be5c6c021ec8d2d032cbaf9b5479f087957f,d7a24855578c3e96b09b2680ecaded09e5516525,2558be5c6c021ec8d2d032cbaf9b5479f087957f,'ClassNA','MethodNA',0,Update README.md  added link 
57,node-webkit-ace-editor,OTHER,https://github.com/brads-tools/node-webkit-ace-editor/commit/d7a24855578c3e96b09b2680ecaded09e5516525,5db3f43e524fdf50d71efed52bac7bb5257e28ee,d7a24855578c3e96b09b2680ecaded09e5516525,'ClassNA','MethodNA',0,Update README.md  removed a letter in a word
58,node-webkit-ace-editor,OTHER,https://github.com/brads-tools/node-webkit-ace-editor/commit/5db3f43e524fdf50d71efed52bac7bb5257e28ee,841b2055285141ea2105e0281359d5f07fd82406,5db3f43e524fdf50d71efed52bac7bb5257e28ee,'ClassNA','MethodNA',0,Update README.md
59,node-webkit-ace-editor,OTHER,https://github.com/brads-tools/node-webkit-ace-editor/commit/841b2055285141ea2105e0281359d5f07fd82406,f78f6bb1c78a7b6992d283389e6c6731561055ed,841b2055285141ea2105e0281359d5f07fd82406,'ClassNA','MethodNA',0,Update README.md
60,node-webkit-ace-editor,OTHER,https://github.com/brads-tools/node-webkit-ace-editor/commit/f78f6bb1c78a7b6992d283389e6c6731561055ed,62b0972fc815c0b0fa22d65d138bcb0044c41c73,f78f6bb1c78a7b6992d283389e6c6731561055ed,'ClassNA','MethodNA',0,Update README.md
61,MinecraftSnaps,OTHER,https://github.com/Antrikshy/MinecraftSnaps/commit/3db170670f6229041731daa7b54af26f3caa578b,134caa0d6102258c335751fff12649419bf4129c,3db170670f6229041731daa7b54af26f3caa578b,'ClassNA','MethodNA',0,Stable version with optimized multi-line world names  Plus an update mechanism stub.
62,node-webkit-ace-editor,OTHER,https://github.com/brads-tools/node-webkit-ace-editor/commit/62b0972fc815c0b0fa22d65d138bcb0044c41c73,bc69d08da4b6741cb1b16313c6f22d3264883bbb,62b0972fc815c0b0fa22d65d138bcb0044c41c73,'ClassNA','MethodNA',70,updates to layout and fixes for operations,RESERVED:ASSIGNMENT_RHS:INSERTED:global:true:1,FIELD:ASSIGNMENT_LHS:INSERTED:global:global:1,RESERVED:CONDITION:REMOVED:global:falsey:1,RESERVED:CONDITION:INSERTED:global:falsey:10,RESERVED:STATEMENT:INSERTED:global:var:6,RESERVED:ASSIGNMENT_RHS:REMOVED:global:null:1
63,MinecraftSnaps,OTHER,https://github.com/Antrikshy/MinecraftSnaps/commit/134caa0d6102258c335751fff12649419bf4129c,f93cd1d41fb7bb8fdd29928b1d0b04db107cd20a,134caa0d6102258c335751fff12649419bf4129c,'ClassNA','MethodNA',18,Stable version before auto-update,RESERVED:STATEMENT:UPDATED:global:var:1,RESERVED:CONDITION:INSERTED:global:falsey:1
64,MinecraftSnaps,OTHER,https://github.com/Antrikshy/MinecraftSnaps/commit/f93cd1d41fb7bb8fdd29928b1d0b04db107cd20a,55556111eabd5a896e655670d7e889f5535757bc,f93cd1d41fb7bb8fdd29928b1d0b04db107cd20a,'ClassNA','MethodNA',7,Stable version with some UI  Commit before code organization.
65,TopAnimeStream,OTHER,https://github.com/senpaiski/TopAnimeStream/commit/57a278cc238f125b71f43532ca1458948dc4cf4c,dcf8e6a7db8307956c5cda25d9c226382b800874,57a278cc238f125b71f43532ca1458948dc4cf4c,'ClassNA','MethodNA',132,Fix profile issues. Removed release-notes route.,RESERVED:STATEMENT:INSERTED:global:var:1,RESERVED:STATEMENT:INSERTED:global:return:1,RESERVED:ARGUMENT:INSERTED:global:null:1
66,MinecraftSnaps,OTHER,https://github.com/Antrikshy/MinecraftSnaps/commit/55556111eabd5a896e655670d7e889f5535757bc,9360b5569a12d2e7eb3c20c6515fa4a389653008,55556111eabd5a896e655670d7e889f5535757bc,'ClassNA','MethodNA',66,All functionality implemented, design and code organization left,RESERVED:ARGUMENT:INSERTED:global:false:1,RESERVED:STATEMENT:INSERTED:global:var:7,RESERVED:STATEMENT:UPDATED:global:var:1,RESERVED:CONDITION:INSERTED:global:falsey:1,RESERVED:CONDITION:UPDATED:global:falsey:1,FIELD:CONDITION:INSERTED:global:length:2
67,slate,MERGE,https://github.com/slate/slate/commit/ebe63e37a980cc0bfb3d99b4ac02cad74f4d532d,acb2458fd0b768278356c91093fa1231bd3a2d1f,ebe63e37a980cc0bfb3d99b4ac02cad74f4d532d,'ClassNA','MethodNA',0,Merge pull request #88 from hollingberry/patch-1  Rename LICENCE to LICENSE
68,slate,OTHER,https://github.com/slate/slate/commit/6cd440450819a1355a976ce53221122b09f007e3,acb2458fd0b768278356c91093fa1231bd3a2d1f,6cd440450819a1355a976ce53221122b09f007e3,'ClassNA','MethodNA',0,Rename LICENCE to LICENSE
69,slate,MERGE,https://github.com/slate/slate/commit/acb2458fd0b768278356c91093fa1231bd3a2d1f,47fbabd0e05a28bbd86f1e762993679e60aa82d6,acb2458fd0b768278356c91093fa1231bd3a2d1f,'ClassNA','MethodNA',0,Merge pull request #87 from omphalosskeptic/master  Added MIT licence file
70,slate,OTHER,https://github.com/slate/slate/commit/8bf09fbe080d4e27438d5ea691133a2671ee484b,47fbabd0e05a28bbd86f1e762993679e60aa82d6,8bf09fbe080d4e27438d5ea691133a2671ee484b,'ClassNA','MethodNA',0,Added MIT licence file
71,slate,OTHER,https://github.com/slate/slate/commit/47fbabd0e05a28bbd86f1e762993679e60aa82d6,e45709e3846fbb4d0378fb9fb282fd729f31ccd6,47fbabd0e05a28bbd86f1e762993679e60aa82d6,'ClassNA','MethodNA',0,Update Readme.md
72,slate,MERGE,https://github.com/slate/slate/commit/e45709e3846fbb4d0378fb9fb282fd729f31ccd6,43934e5e0a8ec93b05668f8a7ec9bf57540923f4,e45709e3846fbb4d0378fb9fb282fd729f31ccd6,'ClassNA','MethodNA',0,Merge pull request #74 from kelonye/master  closes #73
73,slate,OTHER,https://github.com/slate/slate/commit/1eacbef0996b95cfa0b80b1f40d863bac433c3bb,43934e5e0a8ec93b05668f8a7ec9bf57540923f4,1eacbef0996b95cfa0b80b1f40d863bac433c3bb,'ClassNA','MethodNA',0,closes #73
74,slate,OTHER,https://github.com/slate/slate/commit/43934e5e0a8ec93b05668f8a7ec9bf57540923f4,8f986108fd006ea43393b8763b34a490d7765f71,43934e5e0a8ec93b05668f8a7ec9bf57540923f4,'ClassNA','MethodNA',0,docs
75,slate,OTHER,https://github.com/slate/slate/commit/8f986108fd006ea43393b8763b34a490d7765f71,ad7c6a1065868726f3cd68242182fb8ff1b8697e,8f986108fd006ea43393b8763b34a490d7765f71,'ClassNA','MethodNA',0,docs
76,slate,OTHER,https://github.com/slate/slate/commit/ad7c6a1065868726f3cd68242182fb8ff1b8697e,90074405ff71de757edbba96b4138a92a7a37e0e,ad7c6a1065868726f3cd68242182fb8ff1b8697e,'ClassNA','MethodNA',0,docs
77,slate,OTHER,https://github.com/slate/slate/commit/90074405ff71de757edbba96b4138a92a7a37e0e,0338889b8878858ad012df77dac5364d09925ea9,90074405ff71de757edbba96b4138a92a7a37e0e,'ClassNA','MethodNA',0,docs
78,slate,OTHER,https://github.com/slate/slate/commit/0338889b8878858ad012df77dac5364d09925ea9,7a3be0aa8279b3a8a085d44a60a663bd6ba79a8a,0338889b8878858ad012df77dac5364d09925ea9,'ClassNA','MethodNA',0,docs
79,broado,OTHER,https://github.com/sahanarula/broado/commit/b208a6c2353bb0e89249a1e80c71bc7a97221c99,e70ca639d2a341631dedb67e3195ae2e550b01a0,b208a6c2353bb0e89249a1e80c71bc7a97221c99,'ClassNA','MethodNA',0,auto merging
80,broado,OTHER,https://github.com/sahanarula/broado/commit/e70ca639d2a341631dedb67e3195ae2e550b01a0,5c0035abd20977dd3b62c3805d4a0cd7272a6f2e,e70ca639d2a341631dedb67e3195ae2e550b01a0,'ClassNA','MethodNA',0,some minor website changes
81,broado,OTHER,https://github.com/sahanarula/broado/commit/5c0035abd20977dd3b62c3805d4a0cd7272a6f2e,d4d651f14ca782a3c5c16ae4c7f9588fb8dae912,5c0035abd20977dd3b62c3805d4a0cd7272a6f2e,'ClassNA','MethodNA',0,added new downloadable binaries to the page
82,broado,OTHER,https://github.com/sahanarula/broado/commit/1e72cf80af3ef61123f0dd00d608b044514ae015,d4d651f14ca782a3c5c16ae4c7f9588fb8dae912,1e72cf80af3ef61123f0dd00d608b044514ae015,'ClassNA','MethodNA',0,added new download links
83,leximail,OTHER,https://github.com/kimus/leximail/commit/726336156071a3ebecc4b137c1dc0c5d9dda4644,d30c12aa8d0a7af4be5dc30fe576fc69fad65f79,726336156071a3ebecc4b137c1dc0c5d9dda4644,'ClassNA','MethodNA',0,removed iconv dependency. not required for now.
84,leximail,OTHER,https://github.com/kimus/leximail/commit/d30c12aa8d0a7af4be5dc30fe576fc69fad65f79,9dbfb0603e00088d43a7cb5d5f3735e87d8482b8,d30c12aa8d0a7af4be5dc30fe576fc69fad65f79,'ClassNA','MethodNA',0,added google+ link
85,leximail,OTHER,https://github.com/kimus/leximail/commit/9dbfb0603e00088d43a7cb5d5f3735e87d8482b8,a932237d7c87b0ea33d4c071cde8aa050d94a36a,9dbfb0603e00088d43a7cb5d5f3735e87d8482b8,'ClassNA','MethodNA',25,added support for starred and important messages,RESERVED:ASSIGNMENT_RHS:INSERTED:global:true:1,RESERVED:STATEMENT:UPDATED:global:new:1,RESERVED:ASSIGNMENT_RHS:REMOVED:global:false:2,FIELD:ASSIGNMENT_RHS:INSERTED:global:message:1,RESERVED:STATEMENT:UPDATED:global:var:2,RESERVED:STATEMENT:INSERTED:global:var:1
86,leximail,OTHER,https://github.com/kimus/leximail/commit/a932237d7c87b0ea33d4c071cde8aa050d94a36a,65bf8c5ed8e7dc854beb1520d7ae509e99a2122e,a932237d7c87b0ea33d4c071cde8aa050d94a36a,'ClassNA','MethodNA',1,added start command script
87,leximail,OTHER,https://github.com/kimus/leximail/commit/65bf8c5ed8e7dc854beb1520d7ae509e99a2122e,97151296cd34b31d3f0252431f67c7d5326c9f2e,65bf8c5ed8e7dc854beb1520d7ae509e99a2122e,'ClassNA','MethodNA',0,added some help
88,leximail,OTHER,https://github.com/kimus/leximail/commit/97151296cd34b31d3f0252431f67c7d5326c9f2e,225f7b75bb3eb30360b50a33d76b6d0cac151fcf,97151296cd34b31d3f0252431f67c7d5326c9f2e,'ClassNA','MethodNA',0,updated license
89,leximail,OTHER,https://github.com/kimus/leximail/commit/225f7b75bb3eb30360b50a33d76b6d0cac151fcf,d386862343091e31675d905896910cf20b5ab705,225f7b75bb3eb30360b50a33d76b6d0cac151fcf,'ClassNA','MethodNA',10,added support for saving settings in the user data folder,RESERVED:STATEMENT:UPDATED:global:var:1,RESERVED:STATEMENT:INSERTED:global:var:3,RESERVED:STATEMENT:UPDATED:global:return:1
90,leximail,OTHER,https://github.com/kimus/leximail/commit/d386862343091e31675d905896910cf20b5ab705,8d10a9dfd83789b8a23b588fe5c67a51b9ce5e51,d386862343091e31675d905896910cf20b5ab705,'ClassNA','MethodNA',0,added travis-ci status integration
91,leximail,OTHER,https://github.com/kimus/leximail/commit/8d10a9dfd83789b8a23b588fe5c67a51b9ce5e51,18f280790e5964c2aa36bd9ee68821a6dccf3571,8d10a9dfd83789b8a23b588fe5c67a51b9ce5e51,'ClassNA','MethodNA',0,initial integration with travis-ci
92,leximail,OTHER,https://github.com/kimus/leximail/commit/18f280790e5964c2aa36bd9ee68821a6dccf3571,e6303e64f655d4e32508657dfc2dad4a19da4e63,18f280790e5964c2aa36bd9ee68821a6dccf3571,'ClassNA','MethodNA',0,added apache license
93,leximail,OTHER,https://github.com/kimus/leximail/commit/e6303e64f655d4e32508657dfc2dad4a19da4e63,c4ffb3ffc347dc4a3e375fc348926bf9ec7fd882,e6303e64f655d4e32508657dfc2dad4a19da4e63,'ClassNA','MethodNA',0,removed images and added fontawesome for application icons
94,leximail,OTHER,https://github.com/kimus/leximail/commit/c4ffb3ffc347dc4a3e375fc348926bf9ec7fd882,d7d43289f72d15b1ea30d82f772c55ee2ae82bbd,c4ffb3ffc347dc4a3e375fc348926bf9ec7fd882,'ClassNA','MethodNA',4,added iframe for better viewing of email messages and added support for text emails,FIELD:EXPRESSION:INSERTED:global:message:1,RESERVED:STATEMENT:INSERTED:global:var:1,RESERVED:CONDITION:INSERTED:global:falsey:1
95,broado,OTHER,https://github.com/sahanarula/broado/commit/d4d651f14ca782a3c5c16ae4c7f9588fb8dae912,c34a3d5a3ca54e35a2b19cddedcc0b646829f6f3,d4d651f14ca782a3c5c16ae4c7f9588fb8dae912,'ClassNA','MethodNA',0,Added project file.
96,broado,OTHER,https://github.com/sahanarula/broado/commit/c34a3d5a3ca54e35a2b19cddedcc0b646829f6f3,49b7111baadd47f7fb27ee138885f7e026c26b81,c34a3d5a3ca54e35a2b19cddedcc0b646829f6f3,'ClassNA','MethodNA',0,Update index.html
97,broado,OTHER,https://github.com/sahanarula/broado/commit/49b7111baadd47f7fb27ee138885f7e026c26b81,b90d7a2ff11b3f1073284bf73716a5327fa8edda,49b7111baadd47f7fb27ee138885f7e026c26b81,'ClassNA','MethodNA',0,Update index.html
98,broado,OTHER,https://github.com/sahanarula/broado/commit/b90d7a2ff11b3f1073284bf73716a5327fa8edda,b8285db67585ce2811d06d5a120d2600766787ba,b90d7a2ff11b3f1073284bf73716a5327fa8edda,'ClassNA','MethodNA',0,Update index.html
99,broado,OTHER,https://github.com/sahanarula/broado/commit/b8285db67585ce2811d06d5a120d2600766787ba,7b3c077012d4ada1d18c123109ff88db67f6dbc8,b8285db67585ce2811d06d5a120d2600766787ba,'ClassNA','MethodNA',0,Update index.html
100,broado,OTHER,https://github.com/sahanarula/broado/commit/7b3c077012d4ada1d18c123109ff88db67f6dbc8,74f0cbcad181553718e0ac5bf310f734ad4d36bf,7b3c077012d4ada1d18c123109ff88db67f6dbc8,'ClassNA','MethodNA',0,Update index.html
101,broado,OTHER,https://github.com/sahanarula/broado/commit/74f0cbcad181553718e0ac5bf310f734ad4d36bf,fe1fe2ea61686d5efcb1150f91a505143b6a67e3,74f0cbcad181553718e0ac5bf310f734ad4d36bf,'ClassNA','MethodNA',0,Update index.html
102,broado,OTHER,https://github.com/sahanarula/broado/commit/fe1fe2ea61686d5efcb1150f91a505143b6a67e3,a31d927f5a2b86d10662c3a0c4e24a8f6d3da0df,fe1fe2ea61686d5efcb1150f91a505143b6a67e3,'ClassNA','MethodNA',0,Update index.html
103,broado,OTHER,https://github.com/sahanarula/broado/commit/a31d927f5a2b86d10662c3a0c4e24a8f6d3da0df,5093a598ea789115cdfcfbe1950393d2864a67ab,a31d927f5a2b86d10662c3a0c4e24a8f6d3da0df,'ClassNA','MethodNA',0,Update index.html
104,leximail,OTHER,https://github.com/kimus/leximail/commit/d7d43289f72d15b1ea30d82f772c55ee2ae82bbd,7d676ee19eab3e1b543acd4fad0ad825f5507e09,d7d43289f72d15b1ea30d82f772c55ee2ae82bbd,'ClassNA','MethodNA',30,added support for showwing email message,RESERVED:ASSIGNMENT_RHS:INSERTED:global:false:2,RESERVED:STATEMENT:UPDATED:global:var:3
105,leximail,OTHER,https://github.com/kimus/leximail/commit/7d676ee19eab3e1b543acd4fad0ad825f5507e09,7ebe9dd0ccf3553d61deed9d21d830499087e6a6,7d676ee19eab3e1b543acd4fad0ad825f5507e09,'ClassNA','MethodNA',0,added initial description and screenshot
106,leximail,OTHER,https://github.com/kimus/leximail/commit/7ebe9dd0ccf3553d61deed9d21d830499087e6a6,b3f4a0f35f483ce02b8e22ee0f7b26c4acc8200c,7ebe9dd0ccf3553d61deed9d21d830499087e6a6,'ClassNA','MethodNA',0,added screenshot
107,leximail,OTHER,https://github.com/kimus/leximail/commit/b3f4a0f35f483ce02b8e22ee0f7b26c4acc8200c,1324fec9b95e11023cd6ac481b0735b811b57c37,b3f4a0f35f483ce02b8e22ee0f7b26c4acc8200c,'ClassNA','MethodNA',0,initial import with login and email messages filling
108,markgiu,OTHER,https://github.com/bianchimro/markgiu/commit/add7b5a3167a5bdcf5873dc4095f6901c0f2d964,617b2c508e9e9923bc108acbd83d337d017cf7c7,add7b5a3167a5bdcf5873dc4095f6901c0f2d964,'ClassNA','MethodNA',0,no text decoration on make-full icons
109,markgiu,OTHER,https://github.com/bianchimro/markgiu/commit/617b2c508e9e9923bc108acbd83d337d017cf7c7,a59af7778199de5930c7fdaa348f9a459bd9d675,617b2c508e9e9923bc108acbd83d337d017cf7c7,'ClassNA','MethodNA',0,Update README.md
110,broado,OTHER,https://github.com/sahanarula/broado/commit/5093a598ea789115cdfcfbe1950393d2864a67ab,6b66c9d4dea7076602d6c6d9ea86fff436741a32,5093a598ea789115cdfcfbe1950393d2864a67ab,'ClassNA','MethodNA',0,added website  download page added.
111,broado,OTHER,https://github.com/sahanarula/broado/commit/6b66c9d4dea7076602d6c6d9ea86fff436741a32,b27395056ad1a723b07edbb022ed9221e0d5434f,6b66c9d4dea7076602d6c6d9ea86fff436741a32,'ClassNA','MethodNA',0,Create index.html
112,markgiu,OTHER,https://github.com/bianchimro/markgiu/commit/a59af7778199de5930c7fdaa348f9a459bd9d675,c45ee6cb25c8df819f005d756a828f1aec991930,a59af7778199de5930c7fdaa348f9a459bd9d675,'ClassNA','MethodNA',0,Update README.md
113,markgiu,OTHER,https://github.com/bianchimro/markgiu/commit/c45ee6cb25c8df819f005d756a828f1aec991930,5d3c1dab053a4a73c7d6954ca2e30f2919c9d323,c45ee6cb25c8df819f005d756a828f1aec991930,'ClassNA','MethodNA',0,Update credits
114,Weather-Map,OTHER,https://github.com/rafaelkyrdan/Weather-Map/commit/bd55bc3e24aee798748cb96f5a5aac5ad8f07c54,980646cb1232fe9207710d8565dd152cc835c263,bd55bc3e24aee798748cb96f5a5aac5ad8f07c54,'ClassNA','MethodNA',2,add metro ui  add metro ui,RESERVED:STATEMENT:UPDATED:global:var:1
115,Weather-Map,OTHER,https://github.com/rafaelkyrdan/Weather-Map/commit/980646cb1232fe9207710d8565dd152cc835c263,53bd620bd6625e6db73367a111598cd6d79d49f2,980646cb1232fe9207710d8565dd152cc835c263,'ClassNA','MethodNA',0,refactoring  refactoring
116,markgiu,MERGE,https://github.com/bianchimro/markgiu/commit/5d3c1dab053a4a73c7d6954ca2e30f2919c9d323,a337c493f083ab4ab3e6ec6eb7316a47433c0997,5d3c1dab053a4a73c7d6954ca2e30f2919c9d323,'ClassNA','MethodNA',8,Merge pull request #1 from marcorivm/master  Thanks, great feature! I'm going to add a      text-decoration: none   to the .make-full class css
117,markgiu,OTHER,https://github.com/bianchimro/markgiu/commit/5114a426bb016889fe016eacc114c67bddefa5c3,a337c493f083ab4ab3e6ec6eb7316a47433c0997,5114a426bb016889fe016eacc114c67bddefa5c3,'ClassNA','MethodNA',8,Add full view function.  Signed-off-by: Marco Rivadeneyra <rockiano@gmail.com>
118,markgiu,OTHER,https://github.com/bianchimro/markgiu/commit/a337c493f083ab4ab3e6ec6eb7316a47433c0997,f6d5d063841360497b257614ea4b7a94be107a0b,a337c493f083ab4ab3e6ec6eb7316a47433c0997,'ClassNA','MethodNA',0,readme
119,markgiu,OTHER,https://github.com/bianchimro/markgiu/commit/f6d5d063841360497b257614ea4b7a94be107a0b,9bed8fdec5c0649f6cb15f0f177efa09500ebaf2,f6d5d063841360497b257614ea4b7a94be107a0b,'ClassNA','MethodNA',0,changed name in package.json
120,markgiu,OTHER,https://github.com/bianchimro/markgiu/commit/9bed8fdec5c0649f6cb15f0f177efa09500ebaf2,bdda99dfbab2fbe08d1be6726d1249d9e7e15186,9bed8fdec5c0649f6cb15f0f177efa09500ebaf2,'ClassNA','MethodNA',0,README
121,markgiu,OTHER,https://github.com/bianchimro/markgiu/commit/bdda99dfbab2fbe08d1be6726d1249d9e7e15186,c3021a8dd30c04b269ae8fb5afea7b34b4c0c2f6,bdda99dfbab2fbe08d1be6726d1249d9e7e15186,'ClassNA','MethodNA',0,moved main.css to css folder. now assets are assets
122,markgiu,OTHER,https://github.com/bianchimro/markgiu/commit/c3021a8dd30c04b269ae8fb5afea7b34b4c0c2f6,9fb7b9045702a9e04fdb94507338654ae78f9778,c3021a8dd30c04b269ae8fb5afea7b34b4c0c2f6,'ClassNA','MethodNA',0,readme
123,markgiu,OTHER,https://github.com/bianchimro/markgiu/commit/9fb7b9045702a9e04fdb94507338654ae78f9778,fd5e7dcae87f99c4218ef977ac20ccae831c429b,9fb7b9045702a9e04fdb94507338654ae78f9778,'ClassNA','MethodNA',0,readme
124,markgiu,OTHER,https://github.com/bianchimro/markgiu/commit/fd5e7dcae87f99c4218ef977ac20ccae831c429b,b221d81b3f1cd57ababe51c59af3a4b98e025324,fd5e7dcae87f99c4218ef977ac20ccae831c429b,'ClassNA','MethodNA',1,added table support,RESERVED:STATEMENT:UPDATED:global:new:1
125,markgiu,OTHER,https://github.com/bianchimro/markgiu/commit/b221d81b3f1cd57ababe51c59af3a4b98e025324,29a944607d4e0a5021b7de1d9ebc9ce61ffd0ebe,b221d81b3f1cd57ababe51c59af3a4b98e025324,'ClassNA','MethodNA',0,removed useless files
126,markgiu,OTHER,https://github.com/bianchimro/markgiu/commit/29a944607d4e0a5021b7de1d9ebc9ce61ffd0ebe,a60751b3d36d6c19d06e0dca93b1d65b1b4035c0,29a944607d4e0a5021b7de1d9ebc9ce61ffd0ebe,'ClassNA','MethodNA',0,removed useless file
127,markgiu,OTHER,https://github.com/bianchimro/markgiu/commit/a60751b3d36d6c19d06e0dca93b1d65b1b4035c0,89e3cb1e9ce97ae475f347204913d67f0dbfca6f,a60751b3d36d6c19d06e0dca93b1d65b1b4035c0,'ClassNA','MethodNA',0,readme
128,markgiu,OTHER,https://github.com/bianchimro/markgiu/commit/89e3cb1e9ce97ae475f347204913d67f0dbfca6f,a34d08f83e30c9f98ec206b6da2b2b7aca2b83c9,89e3cb1e9ce97ae475f347204913d67f0dbfca6f,'ClassNA','MethodNA',0,readme
129,markgiu,OTHER,https://github.com/bianchimro/markgiu/commit/a34d08f83e30c9f98ec206b6da2b2b7aca2b83c9,c5eb403e58c32a05505423f6c49d5354a66b39f7,a34d08f83e30c9f98ec206b6da2b2b7aca2b83c9,'ClassNA','MethodNA',0,readme
130,ambiance,OTHER,https://github.com/Gozala/ambiance/commit/9f2849a0066620850dff4b0dda16b64397d180a8,6dc6e0336f8b95a9172d44d4219d5690f9d678b4,9f2849a0066620850dff4b0dda16b64397d180a8,'ClassNA','MethodNA',0,Write readme.
131,ambiance,OTHER,https://github.com/Gozala/ambiance/commit/6dc6e0336f8b95a9172d44d4219d5690f9d678b4,45f51bf7e29a3323651a93be7602642fb06d4b54,6dc6e0336f8b95a9172d44d4219d5690f9d678b4,'ClassNA','MethodNA',0,Make a build script.
132,ambiance,OTHER,https://github.com/Gozala/ambiance/commit/45f51bf7e29a3323651a93be7602642fb06d4b54,96bc1cec34c2fec9eca84b6c6d6d82efca1baac8,45f51bf7e29a3323651a93be7602642fb06d4b54,'ClassNA','MethodNA',0,Ignore plugins directory.
133,ambiance,OTHER,https://github.com/Gozala/ambiance/commit/96bc1cec34c2fec9eca84b6c6d6d82efca1baac8,235c5f915c79888008db1d310cd476ca1bd5b686,96bc1cec34c2fec9eca84b6c6d6d82efca1baac8,'ClassNA','MethodNA',0,Remove unnecessary quotes in HTML.
134,markgiu,OTHER,https://github.com/bianchimro/markgiu/commit/c5eb403e58c32a05505423f6c49d5354a66b39f7,6c9edbc6fd7fe87e36a658bc3074a245a10eee15,c5eb403e58c32a05505423f6c49d5354a66b39f7,'ClassNA','MethodNA',0,readme
135,assistant,OTHER,https://github.com/29decibel/assistant/commit/fbaa965e2c4e0861d89d07cfc45043ad1bd9835f,ba48ff311f53012dd1a54fc8f03431f3cbbe0908,fbaa965e2c4e0861d89d07cfc45043ad1bd9835f,'ClassNA','MethodNA',0,Update README.md
136,ambiance,OTHER,https://github.com/Gozala/ambiance/commit/235c5f915c79888008db1d310cd476ca1bd5b686,43d4e8816d333cc6a94f1e677c17bd25b48b66c6,235c5f915c79888008db1d310cd476ca1bd5b686,'ClassNA','MethodNA',0,Add dependencies to the package.json
138,assistant,OTHER,https://github.com/29decibel/assistant/commit/ba48ff311f53012dd1a54fc8f03431f3cbbe0908,7e6c0068e01747acac011c11c8c0c63ede4916cd,ba48ff311f53012dd1a54fc8f03431f3cbbe0908,'ClassNA','MethodNA',0,bump the verson of om and lein-node-webkit-build
139,assistant,OTHER,https://github.com/29decibel/assistant/commit/7e6c0068e01747acac011c11c8c0c63ede4916cd,ae9fa3755ee62a76dddf7dec5ef66dd4f03f96f9,7e6c0068e01747acac011c11c8c0c63ede4916cd,'ClassNA','MethodNA',0,add MIT license
140,assistant,OTHER,https://github.com/29decibel/assistant/commit/ae9fa3755ee62a76dddf7dec5ef66dd4f03f96f9,e57eeda9b9d2f67a54f149ca2ed09b3ac7b10843,ae9fa3755ee62a76dddf7dec5ef66dd4f03f96f9,'ClassNA','MethodNA',0,show warn card when no dispatcher/processor found
141,assistant,OTHER,https://github.com/29decibel/assistant/commit/e57eeda9b9d2f67a54f149ca2ed09b3ac7b10843,dbd59647feea1f29f9cd214c1e3cf486d5c1e295,e57eeda9b9d2f67a54f149ca2ed09b3ac7b10843,'ClassNA','MethodNA',0,add application uncaughtException handler, add title option to info-card
137,ambiance,OTHER,https://github.com/Gozala/ambiance/commit/43d4e8816d333cc6a94f1e677c17bd25b48b66c6,1a1ba818d668639a053d2222514f7e8706e5a07e,43d4e8816d333cc6a94f1e677c17bd25b48b66c6,'ClassNA','MethodNA',1,Update dependency.,RESERVED:STATEMENT:UPDATED:global:var:1
142,assistant,OTHER,https://github.com/29decibel/assistant/commit/dbd59647feea1f29f9cd214c1e3cf486d5c1e295,fd9caa596722b5f332ae170987ee3307dde3ebe4,dbd59647feea1f29f9cd214c1e3cf486d5c1e295,'ClassNA','MethodNA',0,fix readme markdown indentation
143,ambiance,OTHER,https://github.com/Gozala/ambiance/commit/1a1ba818d668639a053d2222514f7e8706e5a07e,ff72dc8ab07f56b0bbda393ef3af998375bdae4f,1a1ba818d668639a053d2222514f7e8706e5a07e,'ClassNA','MethodNA',0,Remove no longer used files.
144,ambiance,OTHER,https://github.com/Gozala/ambiance/commit/ff72dc8ab07f56b0bbda393ef3af998375bdae4f,689f30b54fdb2588bbf6548a708d67b37a0123e0,ff72dc8ab07f56b0bbda393ef3af998375bdae4f,'ClassNA','MethodNA',0,Travics-ci hook.
145,assistant,OTHER,https://github.com/29decibel/assistant/commit/fd9caa596722b5f332ae170987ee3307dde3ebe4,9a25ebe543527b8e548a539b3fa1f4121db93b97,fd9caa596722b5f332ae170987ee3307dde3ebe4,'ClassNA','MethodNA',0,add config check to all api-key needed services, put a FAQ section into readme
147,assistant,OTHER,https://github.com/29decibel/assistant/commit/9a25ebe543527b8e548a539b3fa1f4121db93b97,4eab12291403ddd69fd3fcdab583934429d24955,9a25ebe543527b8e548a539b3fa1f4121db93b97,'ClassNA','MethodNA',0,add built-in dispatcher 'clear' to clear all cards
148,assistant,OTHER,https://github.com/29decibel/assistant/commit/4eab12291403ddd69fd3fcdab583934429d24955,5809a6dcb42ae0b4444d710b51826fe8c8d4e3ac,4eab12291403ddd69fd3fcdab583934429d24955,'ClassNA','MethodNA',0,add leiningen version dependency info to readme
146,ambiance,OTHER,https://github.com/Gozala/ambiance/commit/689f30b54fdb2588bbf6548a708d67b37a0123e0,4f8cd29e2205924eb047cb2327ad2fb22477d000,689f30b54fdb2588bbf6548a708d67b37a0123e0,'ClassNA','MethodNA',0,Make an ambiance bootstrap.
149,assistant,MERGE,https://github.com/29decibel/assistant/commit/5809a6dcb42ae0b4444d710b51826fe8c8d4e3ac,d015e2ea61091131aca802a7036e19022f0cb161,5809a6dcb42ae0b4444d710b51826fe8c8d4e3ac,'ClassNA','MethodNA',0,Merge pull request #3 from ActiveObject/readme-register-fix  Fix register description: swap processor and card code examples
150,ambiance,OTHER,https://github.com/Gozala/ambiance/commit/4f8cd29e2205924eb047cb2327ad2fb22477d000,d00a265bfb4dad532dbf3899d71fb87edecf666e,4f8cd29e2205924eb047cb2327ad2fb22477d000,'ClassNA','MethodNA',0,Make an npm package out of the ambiance.
151,ambiance,OTHER,https://github.com/Gozala/ambiance/commit/d00a265bfb4dad532dbf3899d71fb87edecf666e,6735d3debdec1def4846457dba3db4fd05181333,d00a265bfb4dad532dbf3899d71fb87edecf666e,'ClassNA','MethodNA',0,Remove embedding code from html.
152,assistant,OTHER,https://github.com/29decibel/assistant/commit/79f29215779aca4d3387413054640ea46b81a9b2,d015e2ea61091131aca802a7036e19022f0cb161,79f29215779aca4d3387413054640ea46b81a9b2,'ClassNA','MethodNA',0,fix register description: swap processor and card code examples
153,assistant,OTHER,https://github.com/29decibel/assistant/commit/d015e2ea61091131aca802a7036e19022f0cb161,f7775e051c0a6da9b78ef71314e05c5e0890b538,d015e2ea61091131aca802a7036e19022f0cb161,'ClassNA','MethodNA',0,bump lein-node-webkit-build to 0.1.2
154,assistant,OTHER,https://github.com/29decibel/assistant/commit/f7775e051c0a6da9b78ef71314e05c5e0890b538,53f7cd4669d91a0382c92ec95873369467bb4d35,f7775e051c0a6da9b78ef71314e05c5e0890b538,'ClassNA','MethodNA',0,add instructions to readme on how to build
155,assistant,OTHER,https://github.com/29decibel/assistant/commit/53f7cd4669d91a0382c92ec95873369467bb4d35,a6fcbaf61787391b40315d4fd6e94bd087002e5c,53f7cd4669d91a0382c92ec95873369467bb4d35,'ClassNA','MethodNA',0,add info-card, add config check to jenkins plugin
156,assistant,OTHER,https://github.com/29decibel/assistant/commit/a6fcbaf61787391b40315d4fd6e94bd087002e5c,6f9409be3095f730ba937cc0dc1908f436722ecb,a6fcbaf61787391b40315d4fd6e94bd087002e5c,'ClassNA','MethodNA',0,allow user specify the custom plugins in ~/.assistant-plugins
157,assistant,OTHER,https://github.com/29decibel/assistant/commit/6f9409be3095f730ba937cc0dc1908f436722ecb,bc5042dafb64fc17e88b8b63c4d24509b1f124eb,6f9409be3095f730ba937cc0dc1908f436722ecb,'ClassNA','MethodNA',0,add two todos to readme file
158,assistant,OTHER,https://github.com/29decibel/assistant/commit/bc5042dafb64fc17e88b8b63c4d24509b1f124eb,28d8291ea6858f152a49b556238393800afd8c56,bc5042dafb64fc17e88b8b63c4d24509b1f124eb,'ClassNA','MethodNA',0,fix readme build process instruction
159,assistant,OTHER,https://github.com/29decibel/assistant/commit/28d8291ea6858f152a49b556238393800afd8c56,61ec326482aafd72154717963d68dc1b52eb2fa7,28d8291ea6858f152a49b556238393800afd8c56,'ClassNA','MethodNA',0,add clojurescript to credits list
160,assistant,OTHER,https://github.com/29decibel/assistant/commit/61ec326482aafd72154717963d68dc1b52eb2fa7,54024adbe2609a38beaff8f4aca3c392834d8a1f,61ec326482aafd72154717963d68dc1b52eb2fa7,'ClassNA','MethodNA',0,title typo fixes
161,twd,OTHER,https://github.com/passcod/twd/commit/b94878084745f7f4436bcfd661852e69f6994429,aee32deaaac77b4258343f68fb477632a2d4cce8,b94878084745f7f4436bcfd661852e69f6994429,'ClassNA','MethodNA',0,Add MAINTAINING.md
162,assistant,OTHER,https://github.com/29decibel/assistant/commit/54024adbe2609a38beaff8f4aca3c392834d8a1f,0758193c47c6cb0379a1888ae1652bbd76283867,54024adbe2609a38beaff8f4aca3c392834d8a1f,'ClassNA','MethodNA',0,title typo on readme
163,twd,OTHER,https://github.com/passcod/twd/commit/aee32deaaac77b4258343f68fb477632a2d4cce8,dbf28ce44281aceb52ae7af10d47283313413cdc,aee32deaaac77b4258343f68fb477632a2d4cce8,'ClassNA','MethodNA',0,Mod releng
164,twd,MERGE,https://github.com/passcod/twd/commit/dbf28ce44281aceb52ae7af10d47283313413cdc,ab192749c4f398c36f7644706185b2e31e3a2ad7,dbf28ce44281aceb52ae7af10d47283313413cdc,'ClassNA','MethodNA',0,Merge pull request #8 from Dinduks/patch-1  Fix the window position value
165,twd,MERGE,https://github.com/passcod/twd/commit/ab192749c4f398c36f7644706185b2e31e3a2ad7,24a736a17703f4d2b25a8cabdd54535423754660,ab192749c4f398c36f7644706185b2e31e3a2ad7,'ClassNA','MethodNA',0,Merge pull request #9 from Dinduks/patch-2  Update to work with newer versions of node-webkit
166,twd,OTHER,https://github.com/passcod/twd/commit/5e58238e9b4f44039a3a25efd2345459b29f6a83,24a736a17703f4d2b25a8cabdd54535423754660,5e58238e9b4f44039a3a25efd2345459b29f6a83,'ClassNA','MethodNA',0,Update to work with newer versions of node-webkit  More info: https://github.com/nwjs/nw.js/issues/3535
167,twd,OTHER,https://github.com/passcod/twd/commit/469d63c2a2d77fe2d650e7bdb8ad492f897bdafe,24a736a17703f4d2b25a8cabdd54535423754660,469d63c2a2d77fe2d650e7bdb8ad492f897bdafe,'ClassNA','MethodNA',0,Fix the window position value
168,twd,OTHER,https://github.com/passcod/twd/commit/24a736a17703f4d2b25a8cabdd54535423754660,9f29d378ef7103a68e3b961f0496de7e362b9c8a,24a736a17703f4d2b25a8cabdd54535423754660,'ClassNA','MethodNA',0,No more AUR package
169,twd,MERGE,https://github.com/passcod/twd/commit/9f29d378ef7103a68e3b961f0496de7e362b9c8a,b9b666da9a4c3dc16b48df9ff26ec5825f7d5764,9f29d378ef7103a68e3b961f0496de7e362b9c8a,'ClassNA','MethodNA',20,Merge pull request #7 from Dinduks/support_zooming  Support zooming and unzooming,RESERVED:ARGUMENT:INSERTED:global:false:1,RESERVED:STATEMENT:INSERTED:global:var:5
170,beancounter,OTHER,https://github.com/josephlewis42/beancounter/commit/e3ac2fde40cb86699717d014fc9b158b8ad69129,c84a6c3937c5f2ffe40ac246606e47a987ae4218,e3ac2fde40cb86699717d014fc9b158b8ad69129,'ClassNA','MethodNA',0,added compiled math
171,beancounter,OTHER,https://github.com/josephlewis42/beancounter/commit/664afaad10bc5fd8151a778b24e33ad6de1e236b,004728a40850ffb8b140cb25e9a89c44ac9c885f,664afaad10bc5fd8151a778b24e33ad6de1e236b,'ClassNA','MethodNA',0,Initial work on a new ast
172,beancounter,OTHER,https://github.com/josephlewis42/beancounter/commit/004728a40850ffb8b140cb25e9a89c44ac9c885f,4bf70a071d7dff2c4f9e94d10de6ad35432b71c4,004728a40850ffb8b140cb25e9a89c44ac9c885f,'ClassNA','MethodNA',0,New general calculator parser
173,beancounter,OTHER,https://github.com/josephlewis42/beancounter/commit/4bf70a071d7dff2c4f9e94d10de6ad35432b71c4,b3b6e954907df7862b9bb2e8fa382a35fdd41181,4bf70a071d7dff2c4f9e94d10de6ad35432b71c4,'ClassNA','MethodNA',0,added parsers
174,beancounter,OTHER,https://github.com/josephlewis42/beancounter/commit/b3b6e954907df7862b9bb2e8fa382a35fdd41181,b4c160581ef86d3f91ed427fdf27f32d181fc6b6,b3b6e954907df7862b9bb2e8fa382a35fdd41181,'ClassNA','MethodNA',0,added new plugins for prime checking
175,twd,OTHER,https://github.com/passcod/twd/commit/979ed88ecac22bce044e99dd628604cfbc7580fd,b9b666da9a4c3dc16b48df9ff26ec5825f7d5764,979ed88ecac22bce044e99dd628604cfbc7580fd,'ClassNA','MethodNA',20,Support zooming and unzooming,RESERVED:ARGUMENT:INSERTED:global:false:1,RESERVED:STATEMENT:INSERTED:global:var:5
176,twd,MERGE,https://github.com/passcod/twd/commit/b9b666da9a4c3dc16b48df9ff26ec5825f7d5764,a0b0a996b8396c0d1a7408dcfdfb7099c2358a87,b9b666da9a4c3dc16b48df9ff26ec5825f7d5764,'ClassNA','MethodNA',0,Merge pull request #6 from resir014/width-resizing  Fixed width not readjusting on some devices
177,twd,OTHER,https://github.com/passcod/twd/commit/24eb43119e6a436f002e355b6a6b1451850d6085,ef00ef2fb83c413ae4750ec6540e7ad3e19429f4,24eb43119e6a436f002e355b6a6b1451850d6085,'ClassNA','MethodNA',0,Updated package.json
178,twd,OTHER,https://github.com/passcod/twd/commit/ef00ef2fb83c413ae4750ec6540e7ad3e19429f4,a0b0a996b8396c0d1a7408dcfdfb7099c2358a87,ef00ef2fb83c413ae4750ec6540e7ad3e19429f4,'ClassNA','MethodNA',0,Fixed width not readjusting on some devices
179,twd,MERGE,https://github.com/passcod/twd/commit/a0b0a996b8396c0d1a7408dcfdfb7099c2358a87,227604de0180aaf47ebb0cec47833b2897fbf0aa,a0b0a996b8396c0d1a7408dcfdfb7099c2358a87,'ClassNA','MethodNA',0,Merge pull request #4 from mkody/fix-1  Fixed height problem
180,twd,OTHER,https://github.com/passcod/twd/commit/2ac2ddaae748a83593cba0d46757f2e817a2206c,422d114d5bd2f6ef4e464b9cf32cb45da1f9d85e,2ac2ddaae748a83593cba0d46757f2e817a2206c,'ClassNA','MethodNA',0,Revert versioning; Typo
181,twd,OTHER,https://github.com/passcod/twd/commit/422d114d5bd2f6ef4e464b9cf32cb45da1f9d85e,075136519654b4503463dbf39eb33a48f1ebb7cd,422d114d5bd2f6ef4e464b9cf32cb45da1f9d85e,'ClassNA','MethodNA',0,Small things and bump version
182,twd,OTHER,https://github.com/passcod/twd/commit/075136519654b4503463dbf39eb33a48f1ebb7cd,227604de0180aaf47ebb0cec47833b2897fbf0aa,075136519654b4503463dbf39eb33a48f1ebb7cd,'ClassNA','MethodNA',0,Fix height
183,twd,OTHER,https://github.com/passcod/twd/commit/227604de0180aaf47ebb0cec47833b2897fbf0aa,2dc620f58069001498245058baf3ff325f03d55f,227604de0180aaf47ebb0cec47833b2897fbf0aa,'ClassNA','MethodNA',0,Add Code of Conduct
184,twd,OTHER,https://github.com/passcod/twd/commit/2dc620f58069001498245058baf3ff325f03d55f,484b6367d7af165dcc64925bc3bd9bd2058c9699,2dc620f58069001498245058baf3ff325f03d55f,'ClassNA','MethodNA',0,Update version and contributor info
185,twd,MERGE,https://github.com/passcod/twd/commit/484b6367d7af165dcc64925bc3bd9bd2058c9699,0edaed44601b03eac4847d70bddfa7f18c77e4d5,484b6367d7af165dcc64925bc3bd9bd2058c9699,'ClassNA','MethodNA',0,Merge pull request #3 from isdampe/gh-pages  Fixed styling error, preventing iframe border and window scrolling
186,twd,OTHER,https://github.com/passcod/twd/commit/60753843b7abefc06d9cabc8f3c1e6512b6283ee,0edaed44601b03eac4847d70bddfa7f18c77e4d5,60753843b7abefc06d9cabc8f3c1e6512b6283ee,'ClassNA','MethodNA',0,Fixed styling error, preventing iframe border and window scrolling
187,twd,OTHER,https://github.com/passcod/twd/commit/0edaed44601b03eac4847d70bddfa7f18c77e4d5,5705c33d60092e6cdd7c6896fffd119a9253cb39,0edaed44601b03eac4847d70bddfa7f18c77e4d5,'ClassNA','MethodNA',0,Add note about supporting nw>=0.10  See #2.
188,twd,OTHER,https://github.com/passcod/twd/commit/5705c33d60092e6cdd7c6896fffd119a9253cb39,04ad8572a27b463914e6bfc41cf57be906008f75,5705c33d60092e6cdd7c6896fffd119a9253cb39,'ClassNA','MethodNA',0,Typo in PKGBUILD
189,twd,OTHER,https://github.com/passcod/twd/commit/04ad8572a27b463914e6bfc41cf57be906008f75,f0a821a63eada0f77f206875493da58d1096c56a,04ad8572a27b463914e6bfc41cf57be906008f75,'ClassNA','MethodNA',0,Improve build system; auto-generate Arch package
190,twd,OTHER,https://github.com/passcod/twd/commit/f0a821a63eada0f77f206875493da58d1096c56a,8585971fddc0d13d9f6f55181f6a200e69613d74,f0a821a63eada0f77f206875493da58d1096c56a,'ClassNA','MethodNA',5,Update packaging ways,RESERVED:CONDITION:INSERTED:global:typeof:1,RESERVED:ARGUMENT:UPDATED:global:error:1,RESERVED:CONDITION:UPDATED:global:sheq:1,RESERVED:CONDITION:REMOVED:global:falsey:1,RESERVED:STATEMENT:INSERTED:global:var:1,RESERVED:CONDITION:INSERTED:global:falsey:1,RESERVED:CONDITION:INSERTED:global:null:1
191,twd,OTHER,https://github.com/passcod/twd/commit/8585971fddc0d13d9f6f55181f6a200e69613d74,2f030f584b85c8a116222247d6e7f20f4d78830d,8585971fddc0d13d9f6f55181f6a200e69613d74,'ClassNA','MethodNA',0,Fix Janhouse's mess (see comments on #1)
192,twd,MERGE,https://github.com/passcod/twd/commit/2f030f584b85c8a116222247d6e7f20f4d78830d,4df387870b8d060aa034aa74f42280b40800c342,2f030f584b85c8a116222247d6e7f20f4d78830d,'ClassNA','MethodNA',0,Merge pull request #1 from Janhouse/gh-pages  Open external links in the default browser
193,twd,OTHER,https://github.com/passcod/twd/commit/93728957a1c05cd27872f4c5acbf47ef4eb0c90f,b6ae0f45dfff563681c38284a61373acae439ffe,93728957a1c05cd27872f4c5acbf47ef4eb0c90f,'ClassNA','MethodNA',0,Enable node.js and resize.
194,twd,OTHER,https://github.com/passcod/twd/commit/b6ae0f45dfff563681c38284a61373acae439ffe,4df387870b8d060aa034aa74f42280b40800c342,b6ae0f45dfff563681c38284a61373acae439ffe,'ClassNA','MethodNA',0,Opens outside links or on middle click in default browser.
195,beancounter,OTHER,https://github.com/josephlewis42/beancounter/commit/b4c160581ef86d3f91ed427fdf27f32d181fc6b6,c84a6c3937c5f2ffe40ac246606e47a987ae4218,b4c160581ef86d3f91ed427fdf27f32d181fc6b6,'ClassNA','MethodNA',16,Updates to the lexers and such for new plugins,RESERVED:METHOD_CALL:REMOVED:global:this:1,RESERVED:CONDITION:REMOVED:global:typeof:1,METHOD:METHOD_CALL:REMOVED:global:substring:1,METHOD:METHOD_CALL:REMOVED:global:decodeURIComponent:1,RESERVED:CONDITION:REMOVED:global:falsey:1,RESERVED:STATEMENT:REMOVED:global:var:1
196,beancounter,OTHER,https://github.com/josephlewis42/beancounter/commit/c84a6c3937c5f2ffe40ac246606e47a987ae4218,17188b565aadd4d8020c8161ceb7a746b25134ce,c84a6c3937c5f2ffe40ac246606e47a987ae4218,'ClassNA','MethodNA',17,Fixed some issues in stats and added a little more statistical information,RESERVED:CONDITION:INSERTED:global:typeof:1,METHOD:METHOD_CALL:INSERTED:global:floor:2,CLASS:METHOD_CALL:INSERTED:global:Math:3,RESERVED:STATEMENT:INSERTED:global:new:1,RESERVED:STATEMENT:INSERTED:global:continue:1,METHOD:METHOD_CALL:INSERTED:global:pow:1,RESERVED:STATEMENT:INSERTED:global:var:1,RESERVED:STATEMENT:UPDATED:global:var:2,FIELD:ASSIGNMENT_RHS:INSERTED:global:length:1
197,beancounter,OTHER,https://github.com/josephlewis42/beancounter/commit/17188b565aadd4d8020c8161ceb7a746b25134ce,3924d595aea02ace5ba74a00fffddd7f8de58b3e,17188b565aadd4d8020c8161ceb7a746b25134ce,'ClassNA','MethodNA',12,added backwards/forwards support for inputs,RESERVED:CONDITION:INSERTED:global:this:1,RESERVED:ASSIGNMENT_RHS:INSERTED:global:this:1,RESERVED:METHOD_CALL:INSERTED:global:this:1,RESERVED:CONDITION:INSERTED:global:typeof:1,METHOD:METHOD_CALL:INSERTED:global:substring:1,RESERVED:CONDITION:INSERTED:global:eq:1,METHOD:METHOD_CALL:INSERTED:global:decodeURIComponent:1,METHOD:METHOD_CALL:INSERTED:global:encodeURIComponent:1,RESERVED:STATEMENT:INSERTED:global:return:1,RESERVED:STATEMENT:INSERTED:global:var:2,RESERVED:CONDITION:INSERTED:global:falsey:1
198,beancounter,OTHER,https://github.com/josephlewis42/beancounter/commit/3924d595aea02ace5ba74a00fffddd7f8de58b3e,bd46e100b0e76869cfbddd79b3f988196b38ee11,3924d595aea02ace5ba74a00fffddd7f8de58b3e,'ClassNA','MethodNA',0,added quantity conversion library
199,beancounter,OTHER,https://github.com/josephlewis42/beancounter/commit/bd46e100b0e76869cfbddd79b3f988196b38ee11,55a53b9ed115efe67f890c81964867b27976cc5b,bd46e100b0e76869cfbddd79b3f988196b38ee11,'ClassNA','MethodNA',46,updated licenses to reflect removal of mathjax,RESERVED:ASSIGNMENT_RHS:INSERTED:global:this:1,RESERVED:METHOD_CALL:INSERTED:global:this:1,RESERVED:STATEMENT:UPDATED:global:new:1,METHOD:METHOD_CALL:INSERTED:global:push:1,RESERVED:STATEMENT:UPDATED:global:var:2,RESERVED:STATEMENT:INSERTED:global:var:2
200,beancounter,OTHER,https://github.com/josephlewis42/beancounter/commit/57b9c7fda77964af2a8b38b2591549999fc6a929,0c4ec77b35d291a3cf34a3bb51ce4e6a3628d9a1,57b9c7fda77964af2a8b38b2591549999fc6a929,'ClassNA','MethodNA',2,added initial function declaration for registering smart contextual plugins,RESERVED:STATEMENT:UPDATED:global:var:1
201,beancounter,OTHER,https://github.com/josephlewis42/beancounter/commit/0c4ec77b35d291a3cf34a3bb51ce4e6a3628d9a1,93c4ec49fbdd75a53ccedaa800837bc3317620aa,0c4ec77b35d291a3cf34a3bb51ce4e6a3628d9a1,'ClassNA','MethodNA',27,Added elementary statistical functionality and help documentation for it,FIELD:ASSIGNMENT_LHS:INSERTED:global:prototype:2,RESERVED:STATEMENT:REMOVED:global:return:1,RESERVED:STATEMENT:UPDATED:global:var:1,RESERVED:STATEMENT:INSERTED:global:return:1
202,beancounter,OTHER,https://github.com/josephlewis42/beancounter/commit/93c4ec49fbdd75a53ccedaa800837bc3317620aa,6cd5b40fcde22f3ad760aace127bf15bfc172ca1,93c4ec49fbdd75a53ccedaa800837bc3317620aa,'ClassNA','MethodNA',0,updated readme with potential contributions
203,beancounter,OTHER,https://github.com/josephlewis42/beancounter/commit/6cd5b40fcde22f3ad760aace127bf15bfc172ca1,383a2ad610c6c9fc06e8bdd3e19f0d7f469da04e,6cd5b40fcde22f3ad760aace127bf15bfc172ca1,'ClassNA','MethodNA',0,added live demo link
204,beancounter,OTHER,https://github.com/josephlewis42/beancounter/commit/383a2ad610c6c9fc06e8bdd3e19f0d7f469da04e,2c852b634ab7405d72f0c01f768651dfe5f29387,383a2ad610c6c9fc06e8bdd3e19f0d7f469da04e,'ClassNA','MethodNA',0,Updated Readme
205,muvconf,OTHER,https://github.com/vf1/muvconf/commit/c5957d9bd8d975bee217a16683c3295bcce61168,9137b72da6e3a2d0bcafd2b54524ddada12adc81,c5957d9bd8d975bee217a16683c3295bcce61168,'ClassNA','MethodNA',8,patch jssip,RESERVED:ARGUMENT:REMOVED:global:error:1,RESERVED:STATEMENT:INSERTED:global:new:2,METHOD:METHOD_CALL:INSERTED:global:getTime:2,RESERVED:STATEMENT:UPDATED:global:var:1
206,muvconf,OTHER,https://github.com/vf1/muvconf/commit/9137b72da6e3a2d0bcafd2b54524ddada12adc81,37c6782e60f9780d5b7a4f5eaac20d074a99923f,9137b72da6e3a2d0bcafd2b54524ddada12adc81,'ClassNA','MethodNA',21,+ add/replace icons,RESERVED:ARGUMENT:REMOVED:global:this:1,RESERVED:ARGUMENT:INSERTED:global:this:1,RESERVED:STATEMENT:UPDATED:global:new:6,RESERVED:STATEMENT:UPDATED:global:var:3
207,muvconf,OTHER,https://github.com/vf1/muvconf/commit/37c6782e60f9780d5b7a4f5eaac20d074a99923f,216dadb6174a1c5b913c998b995618ad2fdabd20,37c6782e60f9780d5b7a4f5eaac20d074a99923f,'ClassNA','MethodNA',0,+ node-webkit for linux
208,muvconf,OTHER,https://github.com/vf1/muvconf/commit/216dadb6174a1c5b913c998b995618ad2fdabd20,203809440950fe6f7fba241809977d2a59cb6c93,216dadb6174a1c5b913c998b995618ad2fdabd20,'ClassNA','MethodNA',0,+ add icon  + add node-webkit build script + .msi installer project
209,broado,OTHER,https://github.com/sahanarula/broado/commit/b27395056ad1a723b07edbb022ed9221e0d5434f,ac6f34fd4587ee380bb017048d586441206edb6a,b27395056ad1a723b07edbb022ed9221e0d5434f,'ClassNA','MethodNA',0,initial commit  Added broado
210,Youpp,MERGE,https://github.com/ambrosechua/Youpp/commit/ddcf2e81ec73897e51b0368416cc0fc570db6ed9,98e63bc0f736cde6d766dca468d722005be1e0f6,ddcf2e81ec73897e51b0368416cc0fc570db6ed9,'ClassNA','MethodNA',0,Merge branch 'master' of github.com:ambrosechua/Youpp
211,muvconf,OTHER,https://github.com/vf1/muvconf/commit/203809440950fe6f7fba241809977d2a59cb6c93,0a60213a3f18af0f8b5f94ab48f3c6e235977f21,203809440950fe6f7fba241809977d2a59cb6c93,'ClassNA','MethodNA',4,add nodewebkit helper,RESERVED:ASSIGNMENT_LHS:INSERTED:global:this:1,RESERVED:METHOD_CALL:INSERTED:global:this:2,RESERVED:ARGUMENT:INSERTED:global:this:1,RESERVED:STATEMENT:INSERTED:global:new:1,RESERVED:CONDITION:INSERTED:global:eq:1,RESERVED:ASSIGNMENT_RHS:INSERTED:global:null:1
212,docular,OTHER,https://github.com/danielking/docular/commit/d1fda79d5acf16f4a65db40cc10978eb923e48b6,55bdfc0e7a22e37a322db513b49ca492b2250b92,d1fda79d5acf16f4a65db40cc10978eb923e48b6,'ClassNA','MethodNA',0,Update README.md
213,docular,OTHER,https://github.com/danielking/docular/commit/55bdfc0e7a22e37a322db513b49ca492b2250b92,e6e3e86908a478259be18eb80de5fd840ca8cd8f,55bdfc0e7a22e37a322db513b49ca492b2250b92,'ClassNA','MethodNA',0,added i18n
214,docular,OTHER,https://github.com/danielking/docular/commit/e6e3e86908a478259be18eb80de5fd840ca8cd8f,5be3ae2d021e27048d1dcd371c794717c1470c94,e6e3e86908a478259be18eb80de5fd840ca8cd8f,'ClassNA','MethodNA',0,misc
215,docular,OTHER,https://github.com/danielking/docular/commit/5be3ae2d021e27048d1dcd371c794717c1470c94,bc64e801e826e9a702ebe776a28cf5e8c565cb7c,5be3ae2d021e27048d1dcd371c794717c1470c94,'ClassNA','MethodNA',0,added preview pane
216,docular,OTHER,https://github.com/danielking/docular/commit/bc64e801e826e9a702ebe776a28cf5e8c565cb7c,c1754bbcf9ae8b03c9b5d51d017de513c6fd5864,bc64e801e826e9a702ebe776a28cf5e8c565cb7c,'ClassNA','MethodNA',0,Create README.md
217,docular,OTHER,https://github.com/danielking/docular/commit/c1754bbcf9ae8b03c9b5d51d017de513c6fd5864,2e9543a2c4245f33f9a2f7798587e51134480437,c1754bbcf9ae8b03c9b5d51d017de513c6fd5864,'ClassNA','MethodNA',0,organize codes with yeoman now.
218,docular,OTHER,https://github.com/danielking/docular/commit/2e9543a2c4245f33f9a2f7798587e51134480437,c417bb0440d0232b29b3aa3ac966dd6e02d7d354,2e9543a2c4245f33f9a2f7798587e51134480437,'ClassNA','MethodNA',42,splitview can be resized now,RESERVED:STATEMENT:UPDATED:global:var:1
219,docular,OTHER,https://github.com/danielking/docular/commit/c417bb0440d0232b29b3aa3ac966dd6e02d7d354,8c1929326515d13cb4c077c402a560fac41e467e,c417bb0440d0232b29b3aa3ac966dd6e02d7d354,'ClassNA','MethodNA',62,added splitview for editor pane and preview pane,RESERVED:STATEMENT:REMOVED:global:return:1,RESERVED:STATEMENT:INSERTED:global:return:1
220,docular,OTHER,https://github.com/danielking/docular/commit/8c1929326515d13cb4c077c402a560fac41e467e,9f8ceb48fa1cd0d302d82b74d708009c5c30bf9f,8c1929326515d13cb4c077c402a560fac41e467e,'ClassNA','MethodNA',22,added ace editor,METHOD:METHOD_CALL:INSERTED:global:call:2,RESERVED:ARGUMENT:INSERTED:global:this:2,RESERVED:CONDITION:UPDATED:global:falsey:1
221,docular,OTHER,https://github.com/danielking/docular/commit/9f8ceb48fa1cd0d302d82b74d708009c5c30bf9f,ca416336f0a0eaca363cf7f7c3802ce37e2536f6,9f8ceb48fa1cd0d302d82b74d708009c5c30bf9f,'ClassNA','MethodNA',15,added dependent libs,METHOD:METHOD_CALL:INSERTED:global:call:2,RESERVED:ARGUMENT:INSERTED:global:this:2,RESERVED:STATEMENT:REMOVED:global:var:1,RESERVED:CONDITION:INSERTED:global:falsey:2
222,docular,OTHER,https://github.com/danielking/docular/commit/ca416336f0a0eaca363cf7f7c3802ce37e2536f6,cdefd4742a0136c252f6da8a26a0d7fadbe797f6,ca416336f0a0eaca363cf7f7c3802ce37e2536f6,'ClassNA','MethodNA',0,reconstructing
223,Youpp,MERGE,https://github.com/ambrosechua/Youpp/commit/2ac0d315146462c6166773888b19a416efbbddc5,6525cfe8f821b52460b620bb510ecc324451012a,2ac0d315146462c6166773888b19a416efbbddc5,'ClassNA','MethodNA',0,Merge branch 'master' into refactor
224,Youpp,OTHER,https://github.com/ambrosechua/Youpp/commit/6525cfe8f821b52460b620bb510ecc324451012a,7057dd23a5de01ffbb53b8fac77fc2c218f5b3d9,6525cfe8f821b52460b620bb510ecc324451012a,'ClassNA','MethodNA',0,Bump version   Former-commit-id: 84f7236733bfcc6eaba47d3c2c6714f6bc75332b [formerly 8fdca55385e4fb2d50079ebfc1efb3ba8121f55f] Former-commit-id: a3bb7ec7678bb5ffc1247fa0c5659b4ef55a108c
225,Youpp,OTHER,https://github.com/ambrosechua/Youpp/commit/7057dd23a5de01ffbb53b8fac77fc2c218f5b3d9,29bd78917d05af84b184109330df015be39224c0,7057dd23a5de01ffbb53b8fac77fc2c218f5b3d9,'ClassNA','MethodNA',0,Add build script   Former-commit-id: 265c98785c618310761cecdf92c8c0c3addaac73 [formerly fa82ae5ee36cb69b8a5090e8a77cb139fa9a921f] Former-commit-id: 4d7c3bb499de334c66554a4ba2703b1e938cce27
226,Youpp,OTHER,https://github.com/ambrosechua/Youpp/commit/29bd78917d05af84b184109330df015be39224c0,7fbc838ab8eecef83fd574ba43ee9134338a2d54,29bd78917d05af84b184109330df015be39224c0,'ClassNA','MethodNA',0,Update icon paths.   Former-commit-id: ae73e9f43303da1548ca118ef3360ea739b5cc05 [formerly 2b064defb6dc676f58b70bc365af5c2d13e16af6] Former-commit-id: d7321d08f82d82ab5b269d32a66216b0931381e2
227,docular,OTHER,https://github.com/danielking/docular/commit/5b70943bb682da1eadf830a51ae736a74432018f,561b0764de7a28254fa62bb20324c81b170214c6,5b70943bb682da1eadf830a51ae736a74432018f,'ClassNA','MethodNA',0,removed dock/undock button for preview panel
228,docular,OTHER,https://github.com/danielking/docular/commit/561b0764de7a28254fa62bb20324c81b170214c6,fb197b0040faff0f6d68defaead917c1a6eeb318,561b0764de7a28254fa62bb20324c81b170214c6,'ClassNA','MethodNA',0,update linux screenshot
229,docular,OTHER,https://github.com/danielking/docular/commit/fb197b0040faff0f6d68defaead917c1a6eeb318,d90c781333b61134449aa88e8a55abb4afe79591,fb197b0040faff0f6d68defaead917c1a6eeb318,'ClassNA','MethodNA',0,update linux screenshot
230,docular,OTHER,https://github.com/danielking/docular/commit/d90c781333b61134449aa88e8a55abb4afe79591,82a4d551074d85922d3c142c1040c705fd4c294e,d90c781333b61134449aa88e8a55abb4afe79591,'ClassNA','MethodNA',0,misc
231,docular,OTHER,https://github.com/danielking/docular/commit/82a4d551074d85922d3c142c1040c705fd4c294e,6c52e2a087fc522df59f5e7d034c7deca5dcbe21,82a4d551074d85922d3c142c1040c705fd4c294e,'ClassNA','MethodNA',0,fixed some bugs; added screenshot on mac;
232,docular,OTHER,https://github.com/danielking/docular/commit/6c52e2a087fc522df59f5e7d034c7deca5dcbe21,8a78cafb91b46f3ff04416b74a2054a34c377267,6c52e2a087fc522df59f5e7d034c7deca5dcbe21,'ClassNA','MethodNA',0,Update README.md
233,docular,OTHER,https://github.com/danielking/docular/commit/8a78cafb91b46f3ff04416b74a2054a34c377267,3e8530f3dca729f987deb4345c4134b89185dfc7,8a78cafb91b46f3ff04416b74a2054a34c377267,'ClassNA','MethodNA',0,Update README.md
234,docular,OTHER,https://github.com/danielking/docular/commit/3e8530f3dca729f987deb4345c4134b89185dfc7,0efd760791a5451a4c6fbfc0a18eeb031b0f24b3,3e8530f3dca729f987deb4345c4134b89185dfc7,'ClassNA','MethodNA',0,added some editor themes; font-size & theme can be configured by user; font-size/theme and window dimension/position can be saved automatically and restored while starting up next time;
235,docular,OTHER,https://github.com/danielking/docular/commit/0efd760791a5451a4c6fbfc0a18eeb031b0f24b3,db76922a6b31d47d3bd6b674a7d14f0c057b9798,0efd760791a5451a4c6fbfc0a18eeb031b0f24b3,'ClassNA','MethodNA',0,updated some screenshots; updated css for preview; updated css for scrollbars;
236,docular,OTHER,https://github.com/danielking/docular/commit/db76922a6b31d47d3bd6b674a7d14f0c057b9798,34d3858199ecf60ec48b5a4c79bf8235fec65b24,db76922a6b31d47d3bd6b674a7d14f0c057b9798,'ClassNA','MethodNA',0,added a new split-window-preview mode, preview can be updated immediately while editing.
237,docular,OTHER,https://github.com/danielking/docular/commit/34d3858199ecf60ec48b5a4c79bf8235fec65b24,263350360ab838154b7e7187379069b068efa91a,34d3858199ecf60ec48b5a4c79bf8235fec65b24,'ClassNA','MethodNA',0,'misc'
238,docular,OTHER,https://github.com/danielking/docular/commit/fd70247bd4e74f526071b05e1f0db3bb8b4fa861,86fc9b159024efe77df0f1fa03ea38faf2c1195a,fd70247bd4e74f526071b05e1f0db3bb8b4fa861,'ClassNA','MethodNA',0,added screenshots on mac
239,docular,OTHER,https://github.com/danielking/docular/commit/86fc9b159024efe77df0f1fa03ea38faf2c1195a,8f9519402e4d2d11f89ef6762eb1a49a8f88ae97,86fc9b159024efe77df0f1fa03ea38faf2c1195a,'ClassNA','MethodNA',0,added some screenshots
240,docular,OTHER,https://github.com/danielking/docular/commit/8f9519402e4d2d11f89ef6762eb1a49a8f88ae97,e9a7961fd9008fdfa0581090a7a4fa3a237e642b,8f9519402e4d2d11f89ef6762eb1a49a8f88ae97,'ClassNA','MethodNA',0,added some screenshots
241,candy-pdf-reader,OTHER,https://github.com/humu2009/candy-pdf-reader/commit/18f348df14f1a128ce1d19b84f8555a81bfe6e70,36332e0edce935b45f9a83c1e1051b060fd74a75,18f348df14f1a128ce1d19b84f8555a81bfe6e70,'ClassNA','MethodNA',0,updated project info
242,candy-pdf-reader,OTHER,https://github.com/humu2009/candy-pdf-reader/commit/36332e0edce935b45f9a83c1e1051b060fd74a75,37bc2fcedd9dd2c1621251b518885e2b765ceb3f,36332e0edce935b45f9a83c1e1051b060fd74a75,'ClassNA','MethodNA',0,updated README.md with pdf.js
243,candy-pdf-reader,OTHER,https://github.com/humu2009/candy-pdf-reader/commit/37bc2fcedd9dd2c1621251b518885e2b765ceb3f,5802a3e5ae19f85b91ebc660f6d1b556d5c1fee0,37bc2fcedd9dd2c1621251b518885e2b765ceb3f,'ClassNA','MethodNA',0,updated README.md
244,candy-pdf-reader,OTHER,https://github.com/humu2009/candy-pdf-reader/commit/5802a3e5ae19f85b91ebc660f6d1b556d5c1fee0,ae8cfd48ed820d2a34713a59371dbe073e9d450e,5802a3e5ae19f85b91ebc660f6d1b556d5c1fee0,'ClassNA','MethodNA',0,added introduction to the pdf.js branch used in this project
245,candy-pdf-reader,OTHER,https://github.com/humu2009/candy-pdf-reader/commit/ae8cfd48ed820d2a34713a59371dbe073e9d450e,c3e3f89e7b9a6e6439602feb764d88279e46cd43,ae8cfd48ed820d2a34713a59371dbe073e9d450e,'ClassNA','MethodNA',0,change package to more meaningful name
246,candy-pdf-reader,OTHER,https://github.com/humu2009/candy-pdf-reader/commit/c3e3f89e7b9a6e6439602feb764d88279e46cd43,8658e999acbb781ab603781ca5d6c6f100d26e35,c3e3f89e7b9a6e6439602feb764d88279e46cd43,'ClassNA','MethodNA',0,updated the manifest file
247,ambiance,OTHER,https://github.com/Gozala/ambiance/commit/6735d3debdec1def4846457dba3db4fd05181333,6db60d6b147cbb344a8b21952d3390208a151a45,6735d3debdec1def4846457dba3db4fd05181333,'ClassNA','MethodNA',6,Wrap gcli to avoid global scope pollution.
248,ambiance,OTHER,https://github.com/Gozala/ambiance/commit/6db60d6b147cbb344a8b21952d3390208a151a45,dce739f40d461cbaed0910b72b404653053466a4,6db60d6b147cbb344a8b21952d3390208a151a45,'ClassNA','MethodNA',0,Add an app icon.
249,ambiance,OTHER,https://github.com/Gozala/ambiance/commit/dce739f40d461cbaed0910b72b404653053466a4,a6f507076cfb8a13488d3149f2bf1a67062468e1,dce739f40d461cbaed0910b72b404653053466a4,'ClassNA','MethodNA',0,Improve theme so that it can handle more things.
250,ambiance,OTHER,https://github.com/Gozala/ambiance/commit/a6f507076cfb8a13488d3149f2bf1a67062468e1,db548360708467913c48775ee0ff8e74ce6a5834,a6f507076cfb8a13488d3149f2bf1a67062468e1,'ClassNA','MethodNA',0,Cleanup from unused files.
251,ambiance,OTHER,https://github.com/Gozala/ambiance/commit/db548360708467913c48775ee0ff8e74ce6a5834,1bfa2cc301b300d358b30176d8bed686b2ba53eb,db548360708467913c48775ee0ff8e74ce6a5834,'ClassNA','MethodNA',0,Update css file for codemirror.
252,ambiance,OTHER,https://github.com/Gozala/ambiance/commit/1bfa2cc301b300d358b30176d8bed686b2ba53eb,ad253e1522f4c6da2be06969e6cdc9760d2dd15c,1bfa2cc301b300d358b30176d8bed686b2ba53eb,'ClassNA','MethodNA',0,Publish demo file from code mirror.
253,candy-pdf-reader,OTHER,https://github.com/humu2009/candy-pdf-reader/commit/8658e999acbb781ab603781ca5d6c6f100d26e35,de292daefcba698f751a58fb174699d1be5e34e5,8658e999acbb781ab603781ca5d6c6f100d26e35,'ClassNA','MethodNA',25,added basic support for fullscreen using node-webkit specific implementation,RESERVED:ASSIGNMENT_RHS:INSERTED:global:this:2,RESERVED:ARGUMENT:INSERTED:global:this:1,RESERVED:ARGUMENT:INSERTED:global:false:1,RESERVED:STATEMENT:INSERTED:global:var:3,RESERVED:CONDITION:INSERTED:global:falsey:5
254,candy-pdf-reader,OTHER,https://github.com/humu2009/candy-pdf-reader/commit/de292daefcba698f751a58fb174699d1be5e34e5,c0dee45eda52c75bfaeccd216a9325de331a080b,de292daefcba698f751a58fb174699d1be5e34e5,'ClassNA','MethodNA',0,updated declaration of sample documents
255,candy-pdf-reader,OTHER,https://github.com/humu2009/candy-pdf-reader/commit/c0dee45eda52c75bfaeccd216a9325de331a080b,8cc4080b096675bbe8dc96cb220a5b8c034256e6,c0dee45eda52c75bfaeccd216a9325de331a080b,'ClassNA','MethodNA',0,updated screenshots
256,candy-pdf-reader,OTHER,https://github.com/humu2009/candy-pdf-reader/commit/8cc4080b096675bbe8dc96cb220a5b8c034256e6,665b38e67f17f18fcc61cbc9a48f72697ab709bf,8cc4080b096675bbe8dc96cb220a5b8c034256e6,'ClassNA','MethodNA',0,daily updates
257,twd,OTHER,https://github.com/passcod/twd/commit/4df387870b8d060aa034aa74f42280b40800c342,6d390fbb7d467971d42396c63432666c24473196,4df387870b8d060aa034aa74f42280b40800c342,'ClassNA','MethodNA',0,Upgrade to nw 0.7
258,twd,OTHER,https://github.com/passcod/twd/commit/6d390fbb7d467971d42396c63432666c24473196,16b786439e4bb4cf2420f7839801f81a5d31ca04,6d390fbb7d467971d42396c63432666c24473196,'ClassNA','MethodNA',0,Add checksums for ready use
259,Youpp,OTHER,https://github.com/ambrosechua/Youpp/commit/a79416e56bc92a09829fd78b5c9aea672f22bb86,ad2fba7a3407a72170002ebf4947a4467552f745,a79416e56bc92a09829fd78b5c9aea672f22bb86,'ClassNA','MethodNA',0,Update README.md  Update NW.js   Former-commit-id: 82d36710464c8a36bbd09075a5c47a3fe25cdec7 [formerly 49bfb815fc2333cfad2d754df5bee9a72fa5f1c5] Former-commit-id: 65c6c36f0f608f70fda48414547a3fda6258134d
260,Youpp,OTHER,https://github.com/ambrosechua/Youpp/commit/ad2fba7a3407a72170002ebf4947a4467552f745,9a1bd0a1884d2413581e1e405dcce659dbfbc4fc,ad2fba7a3407a72170002ebf4947a4467552f745,'ClassNA','MethodNA',0,Update README.md  Former-commit-id: 7410bbfc0b01f4b4e6a75fccdcdfcb78c65ff289 [formerly 5333a20af88519f463b92815925f4132f79a2498] Former-commit-id: d3778fedbbbf350a6dc28c137f7a6431e2db4bea
261,Youpp,OTHER,https://github.com/ambrosechua/Youpp/commit/9a1bd0a1884d2413581e1e405dcce659dbfbc4fc,b0ed0c1c03b2973cc8e812ded8ab5aabf2cb2551,9a1bd0a1884d2413581e1e405dcce659dbfbc4fc,'ClassNA','MethodNA',0,Increment version   Former-commit-id: bb69c57bac512b72108ded300545b3244ce05e70 [formerly 91d66f17a05b08176fd7c50a7708c519f45c1e5c] Former-commit-id: a804fc5a183219f6d2084958dfe70a0767753314
262,Youpp,OTHER,https://github.com/ambrosechua/Youpp/commit/b0ed0c1c03b2973cc8e812ded8ab5aabf2cb2551,0929dd28e03ffe28e4422485339e4def9b0050f5,b0ed0c1c03b2973cc8e812ded8ab5aabf2cb2551,'ClassNA','MethodNA',0,It was black all along...  <curses>   Former-commit-id: be4a21cfbd7aa6b3bf4a2d03c1c36cd718b068e3 [formerly 04fcd5ec6be70ecb1b895afb3fe9c1bb28d67dbf] Former-commit-id: ed9a06f17d3a9f6fff84222021ced850aeda264a
263,Youpp,OTHER,https://github.com/ambrosechua/Youpp/commit/0929dd28e03ffe28e4422485339e4def9b0050f5,57cb21043c1d73957da19ddd2deb5dae2e0c2d29,0929dd28e03ffe28e4422485339e4def9b0050f5,'ClassNA','MethodNA',0,Updated Readme for Windows   Former-commit-id: 3c92ffc5ee030a4d2772707e38747970a945325c [formerly a06a1a9635fc78fa8954aae425dcc25b1a96be66] Former-commit-id: ed75170d052dc8c671fe24e0103ce7ce15f4ab80
264,Youpp,OTHER,https://github.com/ambrosechua/Youpp/commit/57cb21043c1d73957da19ddd2deb5dae2e0c2d29,d9ed6300f3dc94009b7c7b8e8f12f02284695efa,57cb21043c1d73957da19ddd2deb5dae2e0c2d29,'ClassNA','MethodNA',0,Added NodeBob  Added NodeBob for easier compiling on Windows   Former-commit-id: 3b7a3530460a25f4d4a9e09f2147660733d564a0 [formerly e90a0aa8f87aabce3afe2950e486de2b7c159267] Former-commit-id: 5e3efccd117f3e9f999b439aeeaa5a17d9cf995a
265,candy-pdf-reader,OTHER,https://github.com/humu2009/candy-pdf-reader/commit/665b38e67f17f18fcc61cbc9a48f72697ab709bf,a7368848d4c47bab73ed6d1d47634a35e900fdc3,665b38e67f17f18fcc61cbc9a48f72697ab709bf,'ClassNA','MethodNA',25,added support for dropping files to open
266,candy-pdf-reader,OTHER,https://github.com/humu2009/candy-pdf-reader/commit/a7368848d4c47bab73ed6d1d47634a35e900fdc3,9960c5258283dba95ff2a168b5bb55f6302330eb,a7368848d4c47bab73ed6d1d47634a35e900fdc3,'ClassNA','MethodNA',0,some minor updates
267,candy-pdf-reader,OTHER,https://github.com/humu2009/candy-pdf-reader/commit/9960c5258283dba95ff2a168b5bb55f6302330eb,58515e53bf0da978108993c7b97e7f6204df79e8,9960c5258283dba95ff2a168b5bb55f6302330eb,'ClassNA','MethodNA',0,fixed incomplete file pathname
268,candy-pdf-reader,OTHER,https://github.com/humu2009/candy-pdf-reader/commit/58515e53bf0da978108993c7b97e7f6204df79e8,2b5fe21a33692b2caae718bdbd4c9b77175d602d,58515e53bf0da978108993c7b97e7f6204df79e8,'ClassNA','MethodNA',0,updated readme.md, adding link to screenshot page
269,candy-pdf-reader,OTHER,https://github.com/humu2009/candy-pdf-reader/commit/2b5fe21a33692b2caae718bdbd4c9b77175d602d,aad1b1ba2d3d45eb30bb52b584abc7560967197a,2b5fe21a33692b2caae718bdbd4c9b77175d602d,'ClassNA','MethodNA',0,added screenshots
270,candy-pdf-reader,OTHER,https://github.com/humu2009/candy-pdf-reader/commit/aad1b1ba2d3d45eb30bb52b584abc7560967197a,70f676344ff53b707695fc134bdcdffdaa87ed61,aad1b1ba2d3d45eb30bb52b584abc7560967197a,'ClassNA','MethodNA',0,minor updates
271,candy-pdf-reader,OTHER,https://github.com/humu2009/candy-pdf-reader/commit/70f676344ff53b707695fc134bdcdffdaa87ed61,140caf2a901ec3db35bba5b197b89cec95c0bd40,70f676344ff53b707695fc134bdcdffdaa87ed61,'ClassNA','MethodNA',0,updated sample pdfs
272,candy-pdf-reader,OTHER,https://github.com/humu2009/candy-pdf-reader/commit/d597c91da169479f9ad7c561348575c378cb5b6a,17a5c8ffa861b0e809b367f814eb5bd7954bc290,d597c91da169479f9ad7c561348575c378cb5b6a,'ClassNA','MethodNA',0,updated readme.me.
273,candy-pdf-reader,OTHER,https://github.com/humu2009/candy-pdf-reader/commit/17a5c8ffa861b0e809b367f814eb5bd7954bc290,69fd115f356ad1946fd1314839e3e0f0230daa2b,17a5c8ffa861b0e809b367f814eb5bd7954bc290,'ClassNA','MethodNA',0,updated readme.md.
274,candy-pdf-reader,OTHER,https://github.com/humu2009/candy-pdf-reader/commit/69fd115f356ad1946fd1314839e3e0f0230daa2b,7e9fa962063588313d50c4ec91b0383bf3aa4a7b,69fd115f356ad1946fd1314839e3e0f0230daa2b,'ClassNA','MethodNA',0,updated readme.md
275,candy-pdf-reader,OTHER,https://github.com/humu2009/candy-pdf-reader/commit/7e9fa962063588313d50c4ec91b0383bf3aa4a7b,cc653200587cd833792efde231accc612ea5da53,7e9fa962063588313d50c4ec91b0383bf3aa4a7b,'ClassNA','MethodNA',0,added sample pdfs
276,candy-pdf-reader,OTHER,https://github.com/humu2009/candy-pdf-reader/commit/cc653200587cd833792efde231accc612ea5da53,42832858af58b1fc84cf47df698d81a6ed09c20f,cc653200587cd833792efde231accc612ea5da53,'ClassNA','MethodNA',0,updated readme.md.
277,candy-pdf-reader,OTHER,https://github.com/humu2009/candy-pdf-reader/commit/42832858af58b1fc84cf47df698d81a6ed09c20f,28cc5b553db6c7066219680ea6db712ae7621a6a,42832858af58b1fc84cf47df698d81a6ed09c20f,'ClassNA','MethodNA',0,updated readme.md
278,candy-pdf-reader,OTHER,https://github.com/humu2009/candy-pdf-reader/commit/28cc5b553db6c7066219680ea6db712ae7621a6a,5817db30ce6041f594f78b16bf4dcbe619a3b891,28cc5b553db6c7066219680ea6db712ae7621a6a,'ClassNA','MethodNA',0,updated project intro.
279,candy-pdf-reader,OTHER,https://github.com/humu2009/candy-pdf-reader/commit/5817db30ce6041f594f78b16bf4dcbe619a3b891,d7b025fa5b5631834b44b2a25fe929621b00ae22,5817db30ce6041f594f78b16bf4dcbe619a3b891,'ClassNA','MethodNA',0,updated project intro
280,Youpp,OTHER,https://github.com/ambrosechua/Youpp/commit/b77b94c500a41506525cc2706e6ce472f24a6283,2071af6f67eff37f2a23b193fdfcedc52d391152,b77b94c500a41506525cc2706e6ce472f24a6283,'ClassNA','MethodNA',0,Update NW.js   Former-commit-id: d7e736ff9656706a946acc9ee9727aba33ac05ca [formerly 283d04e2fa89bbb8879734beae6f7a51a9ae7f27] Former-commit-id: ef1c75fc4b0384410d2ed4c71ff87079b9f973da
281,Youpp,OTHER,https://github.com/ambrosechua/Youpp/commit/3f984f21e60f8d6bf2940d87577269d203c95261,0e3a6c0e65fc088ac5dd1b180a26db1d608cfa70,3f984f21e60f8d6bf2940d87577269d203c95261,'ClassNA','MethodNA',0,Update README.md
282,Youpp,OTHER,https://github.com/ambrosechua/Youpp/commit/2071af6f67eff37f2a23b193fdfcedc52d391152,d431c98420f0a6b2223786d1b7b6859e0a9db8f7,2071af6f67eff37f2a23b193fdfcedc52d391152,'ClassNA','MethodNA',0,Update README.md  Former-commit-id: 771cd2e16e5bf8afada089e2bceae2e3b7677e2b [formerly 3f984f21e60f8d6bf2940d87577269d203c95261] Former-commit-id: 59586379965346a294da9c9ef11c4f08737308d3
283,Youpp,OTHER,https://github.com/ambrosechua/Youpp/commit/0e3a6c0e65fc088ac5dd1b180a26db1d608cfa70,81d080397610ba054f3b7659c0acb2a2f47af74c,0e3a6c0e65fc088ac5dd1b180a26db1d608cfa70,'ClassNA','MethodNA',0,Update README.md
284,Youpp,OTHER,https://github.com/ambrosechua/Youpp/commit/d431c98420f0a6b2223786d1b7b6859e0a9db8f7,fd76e7e77ad4248275a4d865fc4d78e6bf420ad4,d431c98420f0a6b2223786d1b7b6859e0a9db8f7,'ClassNA','MethodNA',0,Update README.md  Former-commit-id: e3e51c171b12acc59147923050b448ca85909f21 [formerly 0e3a6c0e65fc088ac5dd1b180a26db1d608cfa70] Former-commit-id: 68d18e5e8049d247bb7e63fd9cb1e04940b541ff
285,Youpp,OTHER,https://github.com/ambrosechua/Youpp/commit/81d080397610ba054f3b7659c0acb2a2f47af74c,3229039d697933b6965f03cc01e1bf285a02f013,81d080397610ba054f3b7659c0acb2a2f47af74c,'ClassNA','MethodNA',0,Increment version
286,Youpp,OTHER,https://github.com/ambrosechua/Youpp/commit/fd76e7e77ad4248275a4d865fc4d78e6bf420ad4,2856c63aa5eed361fd2de875592322c4d74fda6b,fd76e7e77ad4248275a4d865fc4d78e6bf420ad4,'ClassNA','MethodNA',0,Increment version   Former-commit-id: dd4ac9a1bb144c740a2b2257ae0ae736151285e4 [formerly 81d080397610ba054f3b7659c0acb2a2f47af74c] Former-commit-id: ccbe0109ce997f5a3b670b8b97d8881de094bdb0
287,Youpp,OTHER,https://github.com/ambrosechua/Youpp/commit/3229039d697933b6965f03cc01e1bf285a02f013,aeb8c0b5993dbb7c678af044d07a3027818984fd,3229039d697933b6965f03cc01e1bf285a02f013,'ClassNA','MethodNA',0,It was black all along...  <curses>
288,Youpp,OTHER,https://github.com/ambrosechua/Youpp/commit/2856c63aa5eed361fd2de875592322c4d74fda6b,6559518c246b1f0e33d7b208ef04986a953a7455,2856c63aa5eed361fd2de875592322c4d74fda6b,'ClassNA','MethodNA',0,It was black all along...  <curses>   Former-commit-id: f77e3cee592126d506dec3470a305f5a988f1463 [formerly 3229039d697933b6965f03cc01e1bf285a02f013] Former-commit-id: ea654191ec952dceed0a5e9a9beb4095a2377e75
